{"version":2,"hash":{"type":"Buffer","data":"jdiigw/gx0BDZq+j/kliUi0eWHszS/FGYWyFu6lpkCAjCGTZjskP7WN5AEdXqo3Vgcrlv8lBcL4JMcAQ7EbTAiBJTw6HML8+cawakbJdO5Lo9EJ2/1T120K2g8RZ62JJDekCaXsmVpFy+iGCRtvZJ9i+u3+P66iBqpIuikEYo1s="},"indexValueMap":{"HHwlXaX8cn/zo/oJRvTbzcZ5ya99nsI5PH62vN8mQ8s=":{"valueMac":{"type":"Buffer","data":"Degk9mOcvrMQzIpgdsa/pl1knwxFR2591zUz95PmHJY="}},"pmPmUhfmpXjYTVOKwHvgXktxr6xn0PZ5lCjmfxZKOzA=":{"valueMac":{"type":"Buffer","data":"sf1Ng58AOt4gBfCeblkoCw32jZ3PgoyLa883shD8a+A="}},"04+n0OthBuCgQ1+TFcGhmB0vlMhZCa2l6K0lprvXMFQ=":{"valueMac":{"type":"Buffer","data":"bxduLV4kLV6SOfWaB7+pp3rFtMCuGDIuA6Wb2ewuSfs="}},"8tkXumuidWztT44WeF+UxEXXaO5HzKRXDXa0Hw/k+6E=":{"valueMac":{"type":"Buffer","data":"2GRvbrcN0LwyZevUnMEUCHqWW5w/SiS7uon8ycN80/M="}},"z5jE+E1sEskROj3zkRsv9JIsARuRnOwKgRUWTkk2Hb8=":{"valueMac":{"type":"Buffer","data":"STllTxQ3JtX0F+SH8VH9E52ECaAfrgS+dPC3XO0uQO0="}},"Pmw0k7cObLgAq1ItdzL+p3c4vg++5kPociu3pcj38NE=":{"valueMac":{"type":"Buffer","data":"ZkJo2UUwQui7U+MegoosDXmm0PkE6wBwU7b63DdOsD4="}},"h4XNcduRUUag3MshsBQtYlzk2NBWeWgPfuBhRGruJl4=":{"valueMac":{"type":"Buffer","data":"/WeIrtif9aCYSCeOzwfhlMOe2OKjk3v5QPmrY8aB7/o="}},"PVuKz8Igtohfl7SFju2d3rDwt9G9vJe+cltsEWDDAHA=":{"valueMac":{"type":"Buffer","data":"rX/eAwoFEQGX3UjjnyCBz5MDFAKJZabdbDXGSUWOads="}},"5seImmvGm5BPnpQ/K936/D6atQWhSajbwONz8GYEc6U=":{"valueMac":{"type":"Buffer","data":"PW1c9NxCM52o7AzfpM9NSxkMZToqoGuJqqvly7RqmN0="}},"s4S0m/LzOfZpCW91/y6WPA+4J5cFJiMakxBTLlbCg5w=":{"valueMac":{"type":"Buffer","data":"ADP7VtptNFSg3tZTa5ZvZk/VZY6jiXkOj+ADnxTuNPA="}},"UiJkkFS34O5NEed5WUNprjh3HscjkIHc6IUZb/Lze9E=":{"valueMac":{"type":"Buffer","data":"SaA441werHOhbri7/HOxOx4I41d4xGyI0/M3CPspBJQ="}},"XXef/uZk9oRolrrq+nSizao/noMASCzyzOX/Cy4+g7I=":{"valueMac":{"type":"Buffer","data":"ruJeWuUyLPVi2Eebls/BxY1AFd+4qqYjxPZs2cMWf+s="}},"UBClmBor10aZMs5/Uu4WynMQD4MydlTnPa9pl2v6vRc=":{"valueMac":{"type":"Buffer","data":"0+F6mvv+YsV1RiSXMyXR4Qik0yFhWE3pmUpEfOOrhlA="}}}}