{"version":13,"hash":{"type":"Buffer","data":"vOwbqQ2OS/QRwlHOOABLFPKjrHDcSIKZ1XNmNBYqtVQ0UxxCdpjW3dltDBdDPd3c6OTd8T0K39H1mr7JOBjqLfD8ESI7XC1d4mKVdRCG0BbSoa+txwc5zMN1dyD62VL5dITVbBX4SmHT9RncCAiXxWKl/PXzt7Fp+YcA6vkmhtI="},"indexValueMap":{"AHVZYFVyDhm+g0niFW+mgOXGwJwiFbgZh3e1gmdKxWE=":{"valueMac":{"type":"Buffer","data":"BDAklEZXgPLQDA33h0hAMTSVzbAm968TPahHXEgZsto="}},"ATXFeDtqCQ94+wEqnGrQWugNaxK/onUAttoRWeSNmoU=":{"valueMac":{"type":"Buffer","data":"pPZGb38n0apkGUASC/63cMAluF43H6owWbc7FJFMBPA="}},"AiwhyNbPKbzPPiRb2W243g85+Vc2sO08w4IdlcYqeeU=":{"valueMac":{"type":"Buffer","data":"bVJ++vfyYdl+AEYK32EnsijdTM0tvFgGhvTh3DqrQhg="}},"AmfVCH7Cuh1KEVqwUxg2my5AhVSMK6XU4B/cYsqb9p0=":{"valueMac":{"type":"Buffer","data":"vccjfu7XbNN36nAh85xpp8Q1QUKMrsVjWMwhxyxyXqQ="}},"ApVclPcu4nQCJMxrIvqPJcIXxAHPPNzPn8zeuCZE3nU=":{"valueMac":{"type":"Buffer","data":"JCbcOh5rY7qEQ/2CHUonNWEiMZQUjfHecjKzGoJCGcg="}},"AxP8eYhkiNOwchL1nJFA7MVR/aaE4fz/+XclB5xXDhU=":{"valueMac":{"type":"Buffer","data":"je4UDnidPgxdh+kzvkmMjBpV81Xm2GSs8kyVCFjXlHM="}},"A0vGTTx8aZvhHntHk6Gm6U3CUe3V2T27Ov4+jY0HhMI=":{"valueMac":{"type":"Buffer","data":"CZVxU1ass7TIGYEwfUdDoBQmOjEBYgg4wfLKuoroy1g="}},"A3vnZP4FhBsr1rfK7AbUIi6b7ljSvYh341hIYHg/3m4=":{"valueMac":{"type":"Buffer","data":"nHLzXGrLX4WuopBVHMsgu7+iSyNjqnC6yzeavT4dp0Q="}},"BK80FFWrCWnZIMGAi61Ua6YyBsLduUnDNp1xFNz+z+A=":{"valueMac":{"type":"Buffer","data":"PkHqq030HCtCQ6Rr5xBJB+hysSHbcM+MqlxAezk/vr0="}},"BOqPwN0P2/G7DcW25r43AFAE8S1zRfolz+XKbKtC0So=":{"valueMac":{"type":"Buffer","data":"WRmXU2YPa6FnmZP390sppfsE2BEZJkuiR3DDwyHdyyI="}},"BU6WG0FyRV68IhosIRDKyZq+CjR5BnrLHMnaQZ5VXws=":{"valueMac":{"type":"Buffer","data":"4Qm82/4gB7Do8x7S6r6YsapxHh7ck/WPcaetCdcUyiM="}},"BWllWf8t3Or5aZmlnMYcQUfnn5huzBzl6QZezB2mJ2c=":{"valueMac":{"type":"Buffer","data":"0un9JapTurpqrifsb7pggBe9cK3mkSlCNHeIWzEhr5o="}},"Bc7rlXdqRL3c69LwPS7ajjQjRjHfj+XiAmOf6yaSElg=":{"valueMac":{"type":"Buffer","data":"GQln60AItP1TJn0lfbj6k5KAPwUFYXcN/eqFEycDnc8="}},"Bt5tGBdDgUY/rEmJvqj5XIXycOmLzIwuJLxVBIab4mI=":{"valueMac":{"type":"Buffer","data":"YvQUX4X1KJj9T1QDuS6pbEYBwG6i8JpGcJtcy6nLIT4="}},"BwlxUgtOWO5rjJYqChc+oeVtRpaTzzkq9qWgXbe+UZw=":{"valueMac":{"type":"Buffer","data":"tP14Bxf+v8vOXOygjPCr9b+WUfabDYifibvfctagsFw="}},"B0gmnbon3pIduI7pdj2ccVm8nh86w18cd0sKkYzOkP4=":{"valueMac":{"type":"Buffer","data":"k6CzPoVu8HykQSzKT6yv77QnbWLW36U/HCs4ZZzYyt4="}},"CA0hEGwSwGsvPP1TAcg5eSoSpWkiEGihTtsenN78m3g=":{"valueMac":{"type":"Buffer","data":"q/U1260R2Isgfr902pkLtSUqcmy42XUHTqqqnxguNqk="}},"CCJ8kR6vmxv2QgLBFmWLBCCoVHabyyqgQqrkbblyUa0=":{"valueMac":{"type":"Buffer","data":"GQ3n7GdyiC602BLFZUVkbE+KA2EW+OkYpSeQNriNflA="}},"CGYD6UkTWDFtsr8H1pnotGPRP5fIKPfrseuffEly3I4=":{"valueMac":{"type":"Buffer","data":"WROzK5GMhAvIUZGlKVFwpYIXjXoD84IuasBAl72DHNE="}},"Cb4DlI0zkLtdYKv2rg9D2YbDLh9fzYQg7L77X4ap+2E=":{"valueMac":{"type":"Buffer","data":"PQ1wmPok21Yl1UL8/LbswhPy57DW+6JKhq5Qbd2y/0w="}},"C+L01icq1I3O1GXZLNMhdIuozVxHaD9sr8Ge4gCldAc=":{"valueMac":{"type":"Buffer","data":"dAGYVXaXF7GfHw+BSso+JoWdwQY8DKfkvc/zhTkANzI="}},"DAWstoA+kTipR14sCm8pivRFPiSrG9dlxI5Xv8KtRKE=":{"valueMac":{"type":"Buffer","data":"gacEAk6JU2BrRoyL1DoalAn04rmkq4UAY6Bl6oLG9/o="}},"DBoiqZ7yhFfK3191DxQ7XNDDeq9/3g8NGwTH1Glob6k=":{"valueMac":{"type":"Buffer","data":"HT8bPG4pdegeKah+N0ERj42XXHXvT644h+i4MOBNXls="}},"DMZsrb0fwnmD4qTkGaAJUnyJ3rOnJOb9743bGM6SZDM=":{"valueMac":{"type":"Buffer","data":"xYK3SOtQs+nw32zFu61R7KJU+HyLjQ5QN7jMnqVdaL4="}},"DQqj8D+YfqGii0SGBD3+NoOVgC+Xvz3X2uBXh2w6wPM=":{"valueMac":{"type":"Buffer","data":"WXrCDcXqj2qwbZ3rd0jeBhh7II7uUdb2dG0rLZNK6r8="}},"DTrGdWUXDeKrE+JqBhqvt+ZQctQa82cS11JO20yOMDM=":{"valueMac":{"type":"Buffer","data":"xUhv5quN+nIqqDEGgIcMJXxpUbjs7nC+6QIM798WZfQ="}},"DjpgVjihLO7cwo2Oz+2J4PeIPnyLO7WRpkpRSoR35k0=":{"valueMac":{"type":"Buffer","data":"gTgXdgt+wcAZ5mInY1A4Cwh2/swKJ3iyo4Gao11KgGY="}},"DxoFq+6M7KKkvEBtxNYJQpChX8hMeldO09Bj4EKN6/Q=":{"valueMac":{"type":"Buffer","data":"9IlWvfACymEp5dM2tAo75O5vzHZDoFMS5n9xwifsVno="}},"DyCGY1KfXwCdHf0jw1ZTEBWHm88obBYXND7u6eOZFqw=":{"valueMac":{"type":"Buffer","data":"weW3RB2v2gKmv3BbgJp1l7Vh9yZu3Gaq0M+BIzK38iQ="}},"D2gNYVbGadOxJcGL68fCQjOKSvatNiwzjj6WHnLMseQ=":{"valueMac":{"type":"Buffer","data":"CbU+CIq96sEf1TiopPjrft2x7JbJr20c6Ae02jBiVmw="}},"D3l2/lNDY+hfAjJhxxpYZGSo8Fp4wPUVfNk7sksvkAA=":{"valueMac":{"type":"Buffer","data":"BikVqocLr0UjS7yG1dqdslolMMguOrobEugMjPOgOwQ="}},"D4R/XH9KVm9qHschc2Uln7dxMBvod5EPzOBWk4qY/4M=":{"valueMac":{"type":"Buffer","data":"DG9tQzTuRqkl27tb3hEe/s/tWGpoG8okvy1ciXP6vrw="}},"D+MziZ75jjSRh5O//93aQ7RDVTprGopGp/5CY6lKdMk=":{"valueMac":{"type":"Buffer","data":"7HP1bfVLZNzPdGZu4wZkqOa6rO/EZDHe6hKoaDK1pc8="}},"D+uz+E0s0NnIqx7wLDuqsCHgj00rIOd5dvCn2UPUttI=":{"valueMac":{"type":"Buffer","data":"HvO6bsk8/1dFBf9FtSdVAh7AM1GwqoM6ofFv4fudFvI="}},"EF6fDB/T5N/lQhVLQW3jeQvBp08Ccd47Qiwf7MoBtQQ=":{"valueMac":{"type":"Buffer","data":"eIOyC6/96Ij0dQc3klFqKxNRVNIvLziPM24N+weniNY="}},"EIrwTvGzWEy0vJr5bPbIHLaBu5qeGkeC8EZBrxqok/0=":{"valueMac":{"type":"Buffer","data":"yajrT/qtJGjZOZKKb/wqgwjeD8Qy0+lUv4Kb0u71+Gs="}},"EKv7pZ8ZPDDewdkdGK1C90NbephXwD8LGJbUy8Z61a0=":{"valueMac":{"type":"Buffer","data":"VwYP4TCZo0C0QDFYctds8+ndTDC5ghzn4Fhrg+aZ7Qs="}},"EWPuTtsNUvV2MDGkcWwdX3BR1IpJEQM7OH1Uqweto+o=":{"valueMac":{"type":"Buffer","data":"doAJ+UBrpQnXGrSm6YOtx8OTFRNuU8Iske30Ewsj62Q="}},"EXIf9XyHW6h13K0jUozylRJWmIGu4KWsXP8xZGlChSs=":{"valueMac":{"type":"Buffer","data":"BoLmmFsCKwrH6sY+Kdg8zTxR5Lu5xIZz1J7KsS4ja44="}},"EYiQvNKma4SdKjiuUCqOYkDPAARFt0QrbkhKW6Ia6yE=":{"valueMac":{"type":"Buffer","data":"/nCHmKHgASy6craArU4gZW3OMwUcejwJT23qGgOcRkY="}},"EgMH0MB10NxAxnuCdKQARW9qL31bMt5lm/fqGzRIaoE=":{"valueMac":{"type":"Buffer","data":"P89Vne1zy8cKzw1V9uUBbm7QaTNPJU5RYEUYHUHWOiE="}},"EgpTE9yRylqkXxz8KC9LVT57Xm5kUjDL8AgzOaLbSdE=":{"valueMac":{"type":"Buffer","data":"8oiA12BM7oBNoG4fxEisJEKltIyFesjIjC62p7BirFI="}},"Euy3KMyZW/zXLuxK9pD7/XL1YTLhvfg2/56tHWYEEnY=":{"valueMac":{"type":"Buffer","data":"wghMAhFB05W4rhLD3V6vS5OCfkl/SdQasQ2d9lLURS0="}},"EzeKBCYGpvVM74akwFIxlhEkqBmndlCl9567G+zCehY=":{"valueMac":{"type":"Buffer","data":"cyhr2IMKxB3KHPncilwftz5gN6QMeIXOz7L1c+EEA8A="}},"FNfJ6nPC8HNaKIDKexqQLv+KAYxVf7kcXeXWYF9VqEU=":{"valueMac":{"type":"Buffer","data":"Wq+TUQ+INKYpKRVOAFwTXjz1Z8u5bQG46x0/p5YbPyk="}},"FTRpsjhWU/NV2Ar3YlCZ1oMr50jWMdWTnUjjqIW5zIE=":{"valueMac":{"type":"Buffer","data":"fDL55H6UeZPxIbTm325nGsf6sZaUZdvfZlMCBLccZcs="}},"FYG24ATaYtHjQe9qPFszTI6BK5F40TpSyjcz2VME1eA=":{"valueMac":{"type":"Buffer","data":"0RzzcBLoG1t1/JMNMmLqwZK6JO/C27MPXU+J9hR3mFg="}},"FkaF3ackXSV4PP6Ph7CJtvg779vZZXp2YgCYXiVz16Y=":{"valueMac":{"type":"Buffer","data":"l7RT2wPaDaweL8YL1pOxvaTsy/lC21JV9GMm7GzCyHQ="}},"FsfnSRZgVriSy67smuXs8VHfs51eEMzzBwWS2mSEoJU=":{"valueMac":{"type":"Buffer","data":"MgVHvV+14nAB4izKwKT1I9FxVBM/JS2i6HlrqVPTAFA="}},"FsgeJDBwVHl8GqwaKtnQve6ZcnJo/8rVQoyMEU3mKeI=":{"valueMac":{"type":"Buffer","data":"axCdHVSjgGzuhswGUJlynGeF4AnE9OijEsgsvQE2bnI="}},"FtQnv4fzL1s+9QXPGJQLf29NolEFAXOS8g8AbMh6WAU=":{"valueMac":{"type":"Buffer","data":"T7+vdYkKJJmKArqll9SXcvDDeKO5yMxdsDi8VQaXYy0="}},"Fv7rlGllwkrZLwfX0JGwhsiZsYjh5EqXEmRj2PKMB1g=":{"valueMac":{"type":"Buffer","data":"kLnsfNATtnIxiGIpxKSsdFlvP2OzqqN3ZYGUZIMlqZg="}},"F3VeqoVS4BlsBC40LTm6T1Awoky6WsMxmPsV8Rp8R1g=":{"valueMac":{"type":"Buffer","data":"IOBMN6N2/PkCT4eOdvw3c5O1SY3LmjK7ctOUMwxuQiY="}},"F34Onwj/FMCIyOVtzNbTRxmQdP6O7BZIAWtU8wOXuJg=":{"valueMac":{"type":"Buffer","data":"2wMK/baVFV5yEspAVZ1xMGio03bKuBa1H6XUlntdYlM="}},"F7Z/FIV5tITGsplikAWWU7TiwNY9J78MbywfN4HflQw=":{"valueMac":{"type":"Buffer","data":"CFfeXnKOx68qwbGE/0c6G4Qg54VI4wDjUnGR0IG1ynA="}},"F/q5K2y6y7/n10sDhquE/eYYFIL3l24TahOytH/0PXA=":{"valueMac":{"type":"Buffer","data":"mos1Lf5zCdfUFpt2o0Hvc1l1Trx31Ay4FUa7jnvOEUg="}},"GBchl0mcIY4S3PjtdrIr6di2c2ptPH+wekbbx1dNrPU=":{"valueMac":{"type":"Buffer","data":"hCZImb0teXqu/UVKT0JLFyyvquJCxroddmmhBvQ6wfQ="}},"GI0WYQiSn1EWL3GySe0hp7oDVS6eK42ekG0Wl5Kh8Rs=":{"valueMac":{"type":"Buffer","data":"LdrDikFANpT25M8hAcxCHd62GBG3e94UEKFAya7UElU="}},"GMuhXnzNwLi9RgRassDJCwc1L0QdfTzYmDNb3jV3QxY=":{"valueMac":{"type":"Buffer","data":"EjHKh05fTeJ39DsoBA6sab3qZd2kRkh/a1HBOdtzBfA="}},"GO8o3J83hcoCoHwLV/ZrQg4aMTf4r5A5pSeQE+q8Gfg=":{"valueMac":{"type":"Buffer","data":"HzVv/xYsht93qaHs8ibC6qNcMKrBOHtf3CzK1tqkejk="}},"GSPeXpmwB/omzJ9mOEQEY8d3j79XDH9CEvXXzO19SKA=":{"valueMac":{"type":"Buffer","data":"vwPSDlqS8IsvDGlanTmH2dhaw7dcgc1TfEYmk9CCRSQ="}},"GSvjPLxKp5YQzqiqVFAXX8pJ4g4PaUa0nRkQIEm4ER8=":{"valueMac":{"type":"Buffer","data":"k71qHAsHvFo7UWZ2AfyR+JIJZNtrTm8BxQvHGGx6ey4="}},"GTPDmauoo2xDPbrdz5WNl4GYoXjOQb3xvZTcOX8lwAU=":{"valueMac":{"type":"Buffer","data":"uu9UohqzSZgqw8yREP7NvDN6MiUjFKSSRkFTCFfp5KQ="}},"GvBhH3Ia3a57L2vxwB0i+VLECj8YzC4hCvkpFnl26as=":{"valueMac":{"type":"Buffer","data":"5S1EOc5Lu6A70LQHSKEgsvNfMahEVQ8dD1vhkoS7fe0="}},"GwJO5YwVmbMz5vaUrj7g6I3EQ4SJ4PnsWJnwp/VaYlM=":{"valueMac":{"type":"Buffer","data":"xhrzT9Y9tq/kjhowd2+5nMMzTZNzm2i2Lh0UJpYjUXk="}},"GxMOk6s6QzIQ79n8I6tGzWyFdFzgVqwgvzCFLUjuCzM=":{"valueMac":{"type":"Buffer","data":"vq7xSfoSb2EsXSPEzXT0/Fzc02SvMkVPWBlprGMxOAw="}},"GxOIAeX0+GW8JlNP1fyenqFxi4eoG+Xj4UmLzA9834g=":{"valueMac":{"type":"Buffer","data":"u7j9KmAQS0sW/E6dUcu+kJRkpYHrloi9Q7/76z/HbvU="}},"G1WUl0n/LhxCrwB6wax9SOFJ+voMNOcwJcun09TBe/Q=":{"valueMac":{"type":"Buffer","data":"JEuu63dIY3AZSIPRhpgLznrcVmzooShDHZWWdUlUqJE="}},"HCDDp0PAZCp3LAYJyTUS6bHcB7pKCRvx6qnGlIRzlIw=":{"valueMac":{"type":"Buffer","data":"3A9U93a8iROYoDw5ig5JcH1Lm3cDpkiHXvVUFOQvtRs="}},"HEMXM/B97H9SK3jOtNm5ylxccEgRxiIGU+YUwGRCWuY=":{"valueMac":{"type":"Buffer","data":"H0EEVFeArcYpABB6gcQHxG4q8OyuF0knh+gwQsaRCGI="}},"HJF3o2gSAXmn/hCINNClJtf+M8VXVtZqNIReBYNx+34=":{"valueMac":{"type":"Buffer","data":"qLMqI4QQJzvP68rlqpuH/3+XxclcwOZ/szoNR1U6Ygs="}},"HLbrioy/a02rC9wEQeK+pDW6P1zEviMiEvap5TM4I9M=":{"valueMac":{"type":"Buffer","data":"1W9U+XiUBETUcPGUNGo/iLRyxxAgwZHnxWTqOlcVZYg="}},"HTVUhMbwxyYVZpP2YIgQcjQQvrKDgt44ZoHBZGfOcoI=":{"valueMac":{"type":"Buffer","data":"jhCqBteg0oPSHsTc4+Z0F+alvl2RhxkESDnlW7DqTBA="}},"Ha0ebMdGzmBxVqPatHLexn5bn1HanrKCWRxhIaFuF3o=":{"valueMac":{"type":"Buffer","data":"Tzw0clLgsKy3rjwzp2in0YJRYe/Z81D/r2F7+jTEAvI="}},"HjParZHFyp8Jp7N4wB9JhwHRbVZxQsGJn7TP75xlQ2E=":{"valueMac":{"type":"Buffer","data":"PVrSsfWtHs6ify0Rm8DgcK8O2hfViwUnzzVz8HC8+L4="}},"HjapgTjql/MleoOW5p0XYfrEyDTfEJxkBoZTeEDHCCQ=":{"valueMac":{"type":"Buffer","data":"hvTix4mlZk1qe4cM/J0Eiqt6JcQxN6zxrI2sVygHrmw="}},"HoSa/mHkFLmufGXJra4cBAGKScUNTJaT6lL3uqJYqC8=":{"valueMac":{"type":"Buffer","data":"D49vfAOa8Lccn3VYQ7U3lJYGBD3Qk4A4kOb/am9wGUI="}},"HwvMHq30ViKfuWg9TBk/xXnSYBkgxcV6qG49JAxP/Qg=":{"valueMac":{"type":"Buffer","data":"fcqJBOL+BkTHQuvBJu0Z84qZXcPTUvw6QJ/GPklsmcg="}},"H35NMbBzYKfGNAnjYmbAUpZksN0k0W8qVX7qiCottiA=":{"valueMac":{"type":"Buffer","data":"cAyUYQ1saR4OkSqoPk5uUdjaQl49iPQDLnFZy87canY="}},"H5FKuAtxpXn8lyaPH3bQHgQ1oNRR63BaiQadzQCpmFI=":{"valueMac":{"type":"Buffer","data":"4N8ktzixZBrakKpWk5YywMvKsh1rhOxXOVwbBUbnphM="}},"ICAIf3qjUHNHXJ7fWC90uu56Kg3ebIL4ROq4hPxljHE=":{"valueMac":{"type":"Buffer","data":"ksbH4pj6FHrb0eKXZPq/MusYZ0Hs49ZgADSoIoe+mVc="}},"ICrLQmuCyE5fjb22CHxLS1feuzXCKhrYGLo7vDGXkx8=":{"valueMac":{"type":"Buffer","data":"Dx2fhPfpvkNipK9qS4bRDnLHNVw8GuSFpIml7gp5Rp8="}},"ILZ19akeuXLUdtUmfJr8HgcndjwxgRrxxNyh7xX8BCU=":{"valueMac":{"type":"Buffer","data":"0wqpQjUIkXuNGsdLh7khaA6jexUpMCk0NaObZUyDKSE="}},"INh9DVvy27rvQDkoMjBtXfgBNbTYwxbTwCEhApGVH3E=":{"valueMac":{"type":"Buffer","data":"uWzdNOkEnavJHk2mButPW/DqXalnPVjlATl/Q1vVbP8="}},"Ia2Q+DdL7O7Qh2HkYp81Z5A+lT5batwutS7uHLgbHoo=":{"valueMac":{"type":"Buffer","data":"j69iRyo4+VHmtI2d7H47VAKwaFf5J23ezhU7AqkSv7E="}},"IdARCPhrXaSEVR/UP2IH327QX6s/bU+nP5d9n0JkE5M=":{"valueMac":{"type":"Buffer","data":"5ovLycDAq6LhF3MwlMiLJfFvrcoqlDiGrMpU40VZ0GY="}},"ItEzJTXJW8yfsEfAxaMFibpaeKgxktXi0C7ec4eIn0s=":{"valueMac":{"type":"Buffer","data":"CcALzQ/lzcvNvudcRX09LJarEkYQPOL/hc3XW62ECxk="}},"It74AUMNkoIafMx7Z2aWJiKvwP+h0B7xBR/OIrGMSDg=":{"valueMac":{"type":"Buffer","data":"RrQrcDX/xRJ8diAEeB6Jca6pKqPiWAe3V+n7m10Cz20="}},"IuQ/uFFte7W1xz/u9ef73Y2qj3ZMqIvXs+DCXKJceUo=":{"valueMac":{"type":"Buffer","data":"DO9vxPRxNMJp4CC5zqb/xBtrk14LVJrviLu6JRsHXB4="}},"Iwww+JNSJ4tuWmaV4BVBbXa2KBKpU3xij1HI9QwUNhE=":{"valueMac":{"type":"Buffer","data":"qeyFyFJ6z3tx3CXgPQ+bkTJWG3AJvQ6w8Vx2pbc+L2g="}},"I1u2wSoWNceN8CvJN4IGRhZsKbrXqzGQmTzRVA9n7Uc=":{"valueMac":{"type":"Buffer","data":"sGiAr+gcryLBQBwnjwLcl+6vy+HDfPany4OfkHqa8Aw="}},"I2P47gWO35mDR2VinThx2zXaqM5mO15zmxKprPW3Mq8=":{"valueMac":{"type":"Buffer","data":"hJsSfWczMMDnsItj9vhNtg5b8AOxHHnpoWWZJfdmLQY="}},"I3IcbzUbgzvKyf/6XOTM8VvQwZgS5NKVsb+atmJs6Qs=":{"valueMac":{"type":"Buffer","data":"VHKzpXn+e+UOEvozKfIbc1dOtb9X/wL/sZxykAzyKIY="}},"JDae4myd9n3VTpuCe5tim2LQ1dIcdHENHHFWBrwLCFI=":{"valueMac":{"type":"Buffer","data":"+S8HTrNX9unVwB6TPog4IScAYjcrcnePde4E7UfGtTA="}},"JMucJpXQbF5UuuEDNXmpabovsqWCbkb+5KPKNGn8qEk=":{"valueMac":{"type":"Buffer","data":"2X2d9eJvR4RDH3ignwB1KQ1UoJOQkrYBBJ09nvGoym4="}},"JWW/lakVMz+vtDjKVHXrL74SRxybWxgy+5ZHO3giBZc=":{"valueMac":{"type":"Buffer","data":"zTRAqwEBVXM+iNzx2XVfynV+1h1FsMklnzY3RhoaMFQ="}},"JjfbY6L85QCwWbfdVlr8fxl0llX+siRIn+6Z6nwe/RU=":{"valueMac":{"type":"Buffer","data":"iqrJ4qIyp35sWnx88XsE7+XY6xrFpxsDsQ4jjwGPg30="}},"JkwlGZhxDVZn3Zhs/1pUDL70S90wD5/FVVOBAO6oPP4=":{"valueMac":{"type":"Buffer","data":"m1KkonhiRNq0ArhYjjvDqp9/d0URgqJ5IYwxinz3QYk="}},"Jlo0G3sfs1JPzR4JGi4dRI6mAZSIirZQoEheGLsf/74=":{"valueMac":{"type":"Buffer","data":"yBkp11qokV/5D7P2jg/lmvPludc70AWMv5PBgaC1fYM="}},"Ju1gnAKFlaFxgdTSsMzr+fhJz6o2VN/pToloksMpnQw=":{"valueMac":{"type":"Buffer","data":"wmvwcFl8BNpLAs/AyIvxSkt4rK9h71owGHoAU88PXSg="}},"J4mJXSykr2UDM0OHdQ3QxfGpssuavzxgOvCrccIqNVs=":{"valueMac":{"type":"Buffer","data":"VWfdwcZ/X+tI4GwURhtxSeQzJcGTvMSgSn4ep+QXa8g="}},"J51rFaZ5iDOvm37flb5aO06BHTYvay3zaZt6EIKgfdQ=":{"valueMac":{"type":"Buffer","data":"4RNZj2orLs+dwm70KdTMQgRFubVtWyw7IbyXMopc3oQ="}},"KAvwn239SXTUjIJqsm5XE02jlauv9BThMWweYz6xlqw=":{"valueMac":{"type":"Buffer","data":"PaRMjEgy5gunNscQaQQ6FAV4us70ux6BPCpXI7z1Txo="}},"KByZBBX2RVsFOvK52K016gbHGae6GG+LaZTIm1Z2z4Y=":{"valueMac":{"type":"Buffer","data":"Ocfq0KpkKlxyOB1rIFe3xUhphzfrwBFRCxfKpWSqQIQ="}},"KGcCfxyV2NYfYS2UJQORCRPekY/57mCSdIvn8wo8kc4=":{"valueMac":{"type":"Buffer","data":"Jz7LtXtR80r5JD6+OauAMua/gmq++2EXFicnbrxbvqA="}},"KNWjGzD8jLqxqi86ad0FIK/V53wr4L/6t9PQ0FAIcPk=":{"valueMac":{"type":"Buffer","data":"rLBfe8dzqxLlDmHLdrzt9t1j/f4792SzAS78vrxMDPg="}},"KpzN8LOtUPbFWl+Tn+XLPrQ2YHeYhG7ekvvHyvny4M0=":{"valueMac":{"type":"Buffer","data":"Sj6qFu35vvyX44xWuy3l1OBhJU3iBeWFE+MEBceG6Ms="}},"LMPK4CjLeyITMhfwOzfEx39IZS3t06HY1XCzQx/gFJU=":{"valueMac":{"type":"Buffer","data":"DUbSYYG3MH1h+iI1sOn4V9y6IVjB4SsNNLlCyFtHYfg="}},"LMslZ27o8+KLw1pS7iCtswA92daZP4ex/ycYacz/u+4=":{"valueMac":{"type":"Buffer","data":"5+of9dbiIRmtGRVil5/GrF8Zh1T75gTjNSRUp3Uscao="}},"LNkc9Aod+cGbICaUpC294fyfntmMgQUej6fVLL2PY68=":{"valueMac":{"type":"Buffer","data":"gsz1sVbuFF8Bst4YtX0gqVnxLw6npXB604+jKHc4siU="}},"LVVyeIPgGNjJRrtE5s0ORN8G4ALOtBkbiM3qLWsd7pQ=":{"valueMac":{"type":"Buffer","data":"Mc8gZBZitUibKirQivIpOXrBDoUBesj+cDUXD23Nf6w="}},"LlDkLWyv7Uw6lqtmy6FLrmVjQpeoVknOqzmbINOaa8E=":{"valueMac":{"type":"Buffer","data":"CpTWCL0O5j5/lrHcTZDhLQVo57W2dp2afe9o6c6ynQY="}},"LvfhJWvqq9W7oDpLbsFtcxBkei5aZ6P1iCPlN7sKu1s=":{"valueMac":{"type":"Buffer","data":"HMbfg5UfIB7/a8X6T7ilaElXRE++BQ3PH4n/qn9i6+w="}},"MDqStiug1WGGUUoSCv/jg3gJO05h9TD9eRu5VX+b380=":{"valueMac":{"type":"Buffer","data":"SEnQi9o5vEyHiAkpYLVL7mMn1JWeWJi5cQ0N8TqChro="}},"MJde+JYqkj1MtrJeEttQhF3n7GJDD1v2+6bUqDogjK4=":{"valueMac":{"type":"Buffer","data":"e09DOGqGEFv0y+KYIaMRiYx3IPNvQno13C23M4PJXjM="}},"MJwtGBGwy9vChXjXAgrniKloXguirOEildIlvgYlRBI=":{"valueMac":{"type":"Buffer","data":"ko/inzDQLSuOtV3jl8W3Rsc1UNQ15+6sSB74opBVL44="}},"MSvZsaRSA69rWVL7Cxku6lawGIpHLPIQ7SFT3tqZgno=":{"valueMac":{"type":"Buffer","data":"hxRolQra9YAs8dDkuhtg0z3uYfSkHe1ejT2xKmZ0ktQ="}},"Ma5udCBov6bF1XL+TfSOUOgiI/0jpxY3sDqtb3U1QO8=":{"valueMac":{"type":"Buffer","data":"FhtwH1JXB3c5Fufn55/4kBEdq61XeExRSVzLIFXzRF8="}},"MjX8aPtDmYkthFRmVbP5F5AMKlrXUtI2pC2VYtdQCt8=":{"valueMac":{"type":"Buffer","data":"LfOuUBXz2N4CMnTdZewswEWqAzKuHgWuF6CJ3RmJpxw="}},"Mm7aVl/odYjTVjiiyiUKGE1FVcdwlkIPPsFUKzetBrw=":{"valueMac":{"type":"Buffer","data":"sI8qaMcBJN2uGjs/+wnLlSOALpT+41SwTbJlPA5aA0U="}},"Mqr1fX/weCeBMDytD3bleTiHYj7Z+wt8wwg2phdlEyQ=":{"valueMac":{"type":"Buffer","data":"ZqKgb9Q/c49dZV/ebEB8LB/s8YtaCT4XM30o1VrxsZg="}},"My6knXj2qEvkypQAz9WJjGW5yOIEnLBXp4Y/dZNdA+c=":{"valueMac":{"type":"Buffer","data":"YEKe/nFE4MqACbw/yVTTJPrjI8byoZtPLup6SDgavWA="}},"M0+46qWIYVa3HNBW/Aq3vEWoPZut6glsLMgMT8BRH1Y=":{"valueMac":{"type":"Buffer","data":"fGPPGuLHg+SAIBV5Z5zPSeAuUaY/F4YnxJDDgmbXNUc="}},"M2NJpLgP9MMMhTVDbG5IO1QDpqWoy9STYMRJGbfK3Y4=":{"valueMac":{"type":"Buffer","data":"qysvJj7lV6m5izLjvr7/niXM8aK8roCCYQ8y0PM/nfI="}},"M6tSeea2sPB3cTFThRMYFIYmoPaDZJn9k3m8Q5NflCo=":{"valueMac":{"type":"Buffer","data":"KN45aAc2L8ZNks/93Ka5Rr02uIlkf7zSjJeTbk3a0b0="}},"NBj6Lqn80gCLaTKAElrSoaP2F4GjwMWu6Jrt95J/jLQ=":{"valueMac":{"type":"Buffer","data":"cIJ1zllCBhwTbGYTqLp5ODxnYqtYEAOxNVyqta4qx3w="}},"NL6av/udxTL2VGqMGaX33cipa8+8YmpQIndp668jFWI=":{"valueMac":{"type":"Buffer","data":"wm4O3zYtwKL5vITHP89mDh5hRCgCLR6LcRVnG176UY0="}},"NY3nk/X+y/VluJt1TByqMFKA4Fq68GmaR+Lx2Y2Rnc0=":{"valueMac":{"type":"Buffer","data":"HkRudZFvRpJ3Y3otOb2q5SXmSvQ67PP3W5ADuxsWXBo="}},"NaAAf2Lovq7jUNEXtcdafh3ClkCgLNcAKUVwvqkhdFI=":{"valueMac":{"type":"Buffer","data":"YJigbOMa0q/3QRUbYb3h4kceXCrAIEBsE+4g7zHa1X4="}},"Nfx1k0paCwFYo2HpHfDoDmpy/zrZx3/hUemgr/0jHCU=":{"valueMac":{"type":"Buffer","data":"RdnKDfuSNLRrMQy6wNVC+tE+aLepzrf9Wr9zej9u3CA="}},"Nl+13D9v3+W1yVekigZGhKt55LWaME+HO0TpS/c0WW4=":{"valueMac":{"type":"Buffer","data":"uHcFMDRxMz14gV0OiZyX568myT56oHsmpKfFnqPV5ko="}},"NmefDRyNOaDmRpK/S73MDkmEEWPDnIdANDrs9HoDpB0=":{"valueMac":{"type":"Buffer","data":"pMHVCwYQDtOhx5P+ocuwsRdpGZp11qln2NS1SDHJcVM="}},"NmzbkCq44bP+vy5bNM8biFbg1WcBexmcVXUQnvyKSp4=":{"valueMac":{"type":"Buffer","data":"qmFIWdze64M91vw8InI1Vt2DFWtsoIIsBmyjxCCR4No="}},"Ntwe6a/0V2wGxhByDddUqiOXkRcFehjQTngZhp5WLIE=":{"valueMac":{"type":"Buffer","data":"krkE5q3pM3I62JhBfeIK/BjsQX4UWDxgZDepsUPiDcs="}},"NxwPcdhbG0lCaUYSePiehDh9BxPWE6VhAskbThz1+iw=":{"valueMac":{"type":"Buffer","data":"+pNxtfMJ6A7v7MDlq2vqcsLPG9xmKNhnnH2Yel6B6LM="}},"N4KQt8i9A9sZiW1SoWpPCzQJ6kvriWD7XxPJ0eUBYcA=":{"valueMac":{"type":"Buffer","data":"5i2dBLSUlpRhH5KkeVu+WNi12h6eJXfAcvJBfJERlBE="}},"N7BlAGPI+mosJ+Gh86ym4p0GZ1nA0DJs5M1/saVMAic=":{"valueMac":{"type":"Buffer","data":"M1Qc+TwcYeiwab2efOt3V+iyKdEcfs7ZOUMePSFUExU="}},"OG4DAyH0UbwtbC2JUtkYGvwib5pqK+BL2J9V9C8qqJs=":{"valueMac":{"type":"Buffer","data":"lY8c2Pm2oqp2jp4p4vJvG1Vl1pTpHOX9D/Z+dcnNniQ="}},"OMM+TQKfGzBjX/3bsotlJpvU4zOpmpYTAGfwu/FjT90=":{"valueMac":{"type":"Buffer","data":"EiCxESyftGyQpW4s3l1SUTZ7BxNCcTWaaUvy0ybJTkA="}},"OQJ22o+6jWvtfBfF0IHmZYAI9YjDcsVE8GJCoAHzRLY=":{"valueMac":{"type":"Buffer","data":"mQtOxGOiH+PCw11ycg3OTYk8hs4cuRm2Wz0nGDspSgM="}},"OkUSXikv6s1SERQ9/VdbxmqqEozCXWgXqHvUK1egzHU=":{"valueMac":{"type":"Buffer","data":"575c9I9/QPLuj68HhpEwJ00yRoRxbsKGMyJsTxmK5Nw="}},"OtXVf3As3tXaa8u5X51LAki3QIF3U7Q8dq32AXS+BTQ=":{"valueMac":{"type":"Buffer","data":"VmV5Y2+KoCNp3fX6I+bZfjJXqe5lzYeXlqpJ0pqJfvQ="}},"OyQ105yEZ8qcysxXuZoyMhdU6xjGUU6aHFrrGFvc9DY=":{"valueMac":{"type":"Buffer","data":"Zuxfp4ZIl5TDzjYlgyMgEfb/VBLN8LXIBJyQUEthjG4="}},"PAgi6RYmj5vEH7NaYzL+U82mUQvzQHdS+0gmUoG4Vn0=":{"valueMac":{"type":"Buffer","data":"0QGJLVHvdCa47Pthk78M/pxxILE0ACwt89OJFLWfjwU="}},"PGAM4ZMqafJoph76eGjeV/gZ7NyF6HO71WQdlmk4Ius=":{"valueMac":{"type":"Buffer","data":"jMop3LhePiMy4KsPj0cKVWJckFAtdCIe/FI7xIgDVsY="}},"PHvcaFztqYaUCxcgMa/buu0YW94WF/HuHXWw2FP6bAE=":{"valueMac":{"type":"Buffer","data":"86wx6d/0qgvx9wDbiklPpjnQNw9i3AxTumv1wbLHPEw="}},"PSExnFcxNcvGlsvCE/MQ8gAWVlwcJG3QpBjlH+YLxa8=":{"valueMac":{"type":"Buffer","data":"VeBQpzomWWhrYtKe9brj7y/8RZZJDjwes+U/JbKvK4E="}},"PS+03fyxCOZw2nSgSh90/wlukoB2MwuJJEjmyg771N4=":{"valueMac":{"type":"Buffer","data":"yWQ4PaibRnm7141IQzCD50hmoEXBzEc50cvDuZn7mBg="}},"PYVQrA/DVtj+cyMwwJj8PHgSlhN20sNJBKglp7MiEbY=":{"valueMac":{"type":"Buffer","data":"sxd2r/IcK/l4ofzystFVdH2QhdxHc49cCvQiPWwH2nQ="}},"PZs3eM8aGhGHTOsWFWzGnZF4wqni95BrDiQKDo3MD4E=":{"valueMac":{"type":"Buffer","data":"qGHWlsZuvZ0e5gGSDc3ib4uopb2WDL/HYw1MrcIfuTQ="}},"PcU78m7LwfcK6dzIZFfP6nM3KrNZAwJOAGByIx6TSsI=":{"valueMac":{"type":"Buffer","data":"0TXcD0UGCSIgd7B/zLivWrsY8XZR4CtVcUTp+JfHr+w="}},"Pvhr2LwgFb30EGSUFShkAjau+sAsc0KAkoJFTv8fC1E=":{"valueMac":{"type":"Buffer","data":"0fFiB9PWZku6hbLQtM/O/wIqgd2iA/rNcBD3aJSNB6o="}},"P3TWLXbOjj7aPDXzfRHVLNNsblYMJJJOdo99BebPXz0=":{"valueMac":{"type":"Buffer","data":"er5SxxOjg7sA9rOmEZ6FNd4yVeVbnek4HJCYY1CB2Gg="}},"QANyTOY7I3JbOcfBiZI9Ut7GqIMgI92wNuw519Ni5hY=":{"valueMac":{"type":"Buffer","data":"PmXuYpmDDLIQeLcRBWCnOYPSr9KvBch3VIXyluCMkm8="}},"QEBG2H0PKLyK0HCgKEP4udnTq/aJ1ZDfUjfcYCLG0iU=":{"valueMac":{"type":"Buffer","data":"LecEa5XGTc/u8QPKHfQjc9g7a7ecV7dPFaCs6Wq6veE="}},"QLp2xhsGywQmbErBp4IR+MXfHrGt8aAAvemclV6b0pg=":{"valueMac":{"type":"Buffer","data":"vcw6iSBPAiqoK3dpEDBHkS/toNjbzpd8IJWThgQAwd8="}},"QSHcnnaurntxmmmJxagVHc4FeE/9ZgR+POj7VqsYKjk=":{"valueMac":{"type":"Buffer","data":"sXkdK2XV9ZiIfaIZiy4zOZIbvIWWchJfSI9rUYgaUSs="}},"QXsTfKtX+UGpko1XFhU+ovo1dz1JzBKp9kdDKWay2Io=":{"valueMac":{"type":"Buffer","data":"xEvl7e2L9jDup8r/uCqVKcfu3z0FDQMfqKskkCZkDJA="}},"QkqcLxZyTGAYYN5oyRwEEsj1egtwMna1pcTBKZ55Xck=":{"valueMac":{"type":"Buffer","data":"bmNMogNhO/748F6lu1uRYubyiK9vlcPRUx047r5e5Qo="}},"Ql/olVjXAqTWyt8c1/SB3V7nKL0bSiYLq+5fhu4XqyY=":{"valueMac":{"type":"Buffer","data":"XacF16sVaWpRSKlD2PKsD118xmtM0uuSJOPbJrseiIw="}},"Quj+4qdmcCbFgUSMrr8CxnRSaq2CSLKaFNWu/4LsVDs=":{"valueMac":{"type":"Buffer","data":"eBuRPZn4kqn/S4o46hVbrRzYr2qMcRvbtOpawP1a1jo="}},"QwT8/gNi8t0d055H3fywTCCnqPppNLaQTdlFYO7Ae7M=":{"valueMac":{"type":"Buffer","data":"7+PeZGLoxzy/C6q/rACfB6B2jnADANR56lFY7DHOXdk="}},"QyjSpy6RgYW0YSOTo5IKdyPPITbv38L4qQyiTVLU2Bw=":{"valueMac":{"type":"Buffer","data":"QpsCyZ0EU7URM6CnBYhwkWeYAtauDHKUZ0w4lBTuXy8="}},"Q2ELdsSJN//jJ6epghJU6ETD/Y7Itlb+TV0seu/OZi8=":{"valueMac":{"type":"Buffer","data":"VDupjj3Az6Zf8NakrxMCkjCGazoRZOD2sO1qhQ30dVE="}},"Q56hFeNrIUk8KeGiKgvM/J1P2lAuO4LlacQKA9AzkBs=":{"valueMac":{"type":"Buffer","data":"rtC8EXs4xVttykzyE91RK5ahH5OjQyqhEKUl2XGWQIU="}},"RCFILkA7YZBhQLRzhcuiauXyD+G/KyrimwX8I6/IS6E=":{"valueMac":{"type":"Buffer","data":"rbKNQ5n1C8oYkFc5H2ykG2u9FR7/JRTaR1gc9H9u9n8="}},"RCk5kvMRRC8zbMvLWpWvvtAGdbSYXcDDdUXmEdabfWA=":{"valueMac":{"type":"Buffer","data":"db6lTKI4mrtOOKNSk5SeK4wV13lmntQKqeHXQnO4uFc="}},"RReFb5R87iJUi6JEUKCWD4EFJ8XI7xc0EoJK8oU8Mjg=":{"valueMac":{"type":"Buffer","data":"oLAMbbgsVafTCmqETc9PBpdRm3pEWDim/bKpYl+oPRE="}},"RXaXQCShoNR4uteBa5sgZlo+e2znHGUNyETb3yzVLC4=":{"valueMac":{"type":"Buffer","data":"FVTAx8kfB/GnIU+PZKSoqTEgCF6y0xJHE3/RSXXIR2M="}},"RbOZaBWJFMUReCv75l9nwvfPns35ZYP2hxA2D8/Kprg=":{"valueMac":{"type":"Buffer","data":"8t4qsdzGyQtDn1vGuegK+0H0Om5zq7pb4Myr8/YFoE0="}},"RcZAAeKXx/H1dTLLFLkFcwKzoMEEqnEEBkSbX5FV40g=":{"valueMac":{"type":"Buffer","data":"wz/KAagFkdJuy5pCvRbLkmdfUfs5UFiKsYk9bV1uSoo="}},"Rdpyqy4BJay0PdrA7B9m4ietkk/vKLQ8uqhjzZCABEQ=":{"valueMac":{"type":"Buffer","data":"wUgUiq3MoTmhlCyA0dPwNjYeo6EnBHOmAfcjQuIqT00="}},"Rgl6aEfGMOdggci0p2eEJPPYSaj/T25OwWBoXAmfrZY=":{"valueMac":{"type":"Buffer","data":"9fqPbWQ+eH883evNj0Gj4KAZvaONSRFd/8nRhxnC8R0="}},"RmL51gsZmqx09owhTwyxvgsaZnVNTu6eCNDxc1ARPZc=":{"valueMac":{"type":"Buffer","data":"6Em5DIqQ0IJ54bR084aFG9LDwIM4NkmHctLYjID6P9M="}},"Rqs4dwv5Z93vMCdiyvoIYL9Kd/rb/3zL7pTmA0YPp4k=":{"valueMac":{"type":"Buffer","data":"tFd3DnGEra2Q3gZLQ78PEE7m2irmJwVqKSbn3GyZhT8="}},"Rv20AScPVGgME+wfp1FqOxj4UEMBY+GgHALFbApC3P8=":{"valueMac":{"type":"Buffer","data":"v+M2ZHF5gWS9xF/HFvHSlZRVZVd7wcn6oIWCIAygdV0="}},"R0B2jQkpjvWpZSPOr1VuCH075iv8WoAUBp9HMRAQUdo=":{"valueMac":{"type":"Buffer","data":"YLsWJTTJ1NB+UIwD54IIfYayrU70j/spUp2qpprefAk="}},"SCga9h0wXplN4Wj9h4Sz8riFI+gxVbJhK2tmGYm5oTo=":{"valueMac":{"type":"Buffer","data":"JbBNPyg1B7EYCMdcikw13AwEd7w3pegE/QXwTmz4JY4="}},"SMC3Bp3Ds83dYkK+KoumXjQz80TycaJB82MUcjxICHI=":{"valueMac":{"type":"Buffer","data":"VbzUb7L2XVv/5r1Og8cXCpSMEmtkzdIzWfaJ5JNyUug="}},"SQsDJfoEAZmqIGkChx0/Aj+7xY8w/vd1/2Nxje5yVSI=":{"valueMac":{"type":"Buffer","data":"8OaXpVzGf8SyYbbGZrz8v5uiaRVr2fQUx+tgs2hHpKE="}},"SSohNOszJEXUbagoVpEmIgotsppQ8/Jdqk8r2Sc2ARQ=":{"valueMac":{"type":"Buffer","data":"S0BXwMz+fhj7fWAxVZm0aQrWovbfqQBa0cO2mR9gWVg="}},"SSzGcrAA0y/kEPdIzj35ZkmUerhkgA6DWGhxxkCEFqU=":{"valueMac":{"type":"Buffer","data":"XLGFxlm3t3Ujzm+6VX9oqIBSbyyoFT4Qr5Ep8Amjb4U="}},"STmGxxI8XOh2IIceRIE6yvgM/GavLxtyW44+BU8ChiI=":{"valueMac":{"type":"Buffer","data":"zrHxRcuncva3GT2A/QbNj8Lfcrd2UyvxLuOkKHMMCvE="}},"SUZCdUL6FyTEiPVwUIOuews87S6/vmz5SZucveKRfO4=":{"valueMac":{"type":"Buffer","data":"7+8DhpDQb+l7g/1Am/ti72J/1GtPcoaBqKGZH0BfQxw="}},"SVlKPELvoE4SjAtcZ4dThqbdvpEy6qRiJh+aRTA19ok=":{"valueMac":{"type":"Buffer","data":"ZTrFQ2hNZnfe3rosXdmvkvo0TstHriEsdmx7VsJK7SA="}},"SW/KDZgKqBe1tmFKvAcScpnNudgZh6YsF0uv8jjeVAc=":{"valueMac":{"type":"Buffer","data":"i2vKK1v8JkQ7VZ4xuhrfHMJD8pZUN2mryJAaYBDqE8Q="}},"Sq8seWO5eGbQShLQW1oWWJmD483Jd0c0Cw5wsFOiNOk=":{"valueMac":{"type":"Buffer","data":"2qvF8PSj+jYiYyrBA98+tVROYBc8nNO0BSKBnDOupdI="}},"SwFc0J8kVQD9TTorMRDntvZL7+uX42UrH3YV7thp+ao=":{"valueMac":{"type":"Buffer","data":"v6zeCJpe0atj042LEXYc4Yq4f5vKQqF8DJecUiQ7kmE="}},"TWb1s/oYlAZYbWltDqX90SWPt1QAPk+OgEX+cY9u32o=":{"valueMac":{"type":"Buffer","data":"AbDeJ+rylM9QC0NpOJ2C9p/zj6a8kpiUZBZtMgwr7iA="}},"TZZ5J3QslA0AMuNwOie6hQGIKuv1apwr9Utm1+bfxdc=":{"valueMac":{"type":"Buffer","data":"T05zUpG49eYwfbC6mQIt3VlQIe4GCy2wu2UtR3Fl3go="}},"TdZ38u8yJx7rbhFRkwlhJe1cZkYnf65Rm6o9JZxVUtc=":{"valueMac":{"type":"Buffer","data":"wYhL1DPJE6qgdIvjU3qugq9JyiLO+8B74/+fHvKxV5M="}},"TdwdiwhhrZaXENvwNIOZPrmIPSQkUtQP3LJVpb+SaG8=":{"valueMac":{"type":"Buffer","data":"JEB21/fGatCj+WJ8KT+wU1P5vqGj3+c9R49os9lkSIY="}},"TfCXV7/nXFQPsVJmBO8hHEh68OnAcTLZlNvlXMHJPnA=":{"valueMac":{"type":"Buffer","data":"VG96E47yJw+VQWrkz11PNsEm2ZRb3lOdChTJ6EQUcLY="}},"TfRl+SAOKqiRkPPLGKgTVTBlMWOknuFtEIUcOIZNOf8=":{"valueMac":{"type":"Buffer","data":"A2dSWWwCtGqqvpzJ5ES/UxJaACE0mkq77DFdxUZyCOI="}},"Tk9z4qRQx0/mDjfg/5OSoYbB1MTLz9N619YNCsXh33Y=":{"valueMac":{"type":"Buffer","data":"04NcNHykEwbrBU1TrRXcRfHdsA+dsxzffYTU3LhPVZQ="}},"TulouXN31z3yqi4uAcbZ+aHmGMkT0CocBFrdqI/RelA=":{"valueMac":{"type":"Buffer","data":"Yw4Rw5NxglgJetvRd5L6wpDCY/wZIBqyPMEUH8Q2fEE="}},"T39NUoGZBPJE6sjYKkclzZJThlnZPruHT9QBuWqjcug=":{"valueMac":{"type":"Buffer","data":"KIztZ2QO30HHW8jsOx1FTztQaUtWDrSaLDh6DYIjXcc="}},"UIU73XxOt3qPx1mKvxecrjCqXXpiBDtB0clSQcS0Eis=":{"valueMac":{"type":"Buffer","data":"WXJqDhta4kY4aLYBaNrOVMEYBvHeSUq7OG2PgoxmGo0="}},"UVOoKbuu2Z2/CN8z1m0MZgl6IQ9572Q8hzkhRbMdRyc=":{"valueMac":{"type":"Buffer","data":"epXgQyuMWHsAAJmZTrdhAzO6HpD751+Pa5lfCdiECnA="}},"UXRsZflHtgK0SpMY89n75N+v9VwOQ27uLmwI3BFUCyk=":{"valueMac":{"type":"Buffer","data":"ZNE7PPQZ3F47E9wo2GW/orolzGaMVqK2RAXOQ7BiHHs="}},"UZC0mWkGHInHN68anwv4aQGaXmPuYiSMV+eS4uqP0wg=":{"valueMac":{"type":"Buffer","data":"1bLQuCH2oPvSLIO1oU/CaSphdOPx5WY4v/8pZuCMlyo="}},"UnAakBeXnhoAwldRkEYdeFOsA76OxiGzTHTO9j2MYwM=":{"valueMac":{"type":"Buffer","data":"0XFfbQN/6l9/edR2EZvVIijwVADyj53yq8LCDfyo8Og="}},"Up9HjPL30ZqoFDcbbJiPDa/2ygLB3PPlG0I57kVnDOQ=":{"valueMac":{"type":"Buffer","data":"QF5m8JFZgBkdjAocnbE15lvL8R1ye/4KA1Jtq9dIXok="}},"VBu6l4mTOSagfQ1fzSUuqSI/Wq6eDFdZoTUIjDni4cY=":{"valueMac":{"type":"Buffer","data":"S3sPNtpCEq1Vp3MfblHnaNY0AZr+nBTLiMWTo2wwnw8="}},"VEK1mcFqaQFtp6o5mXHojFkj+GBJguY+LW/I8ixWnw4=":{"valueMac":{"type":"Buffer","data":"S152tfxO507i7tW3Qcl+Zu7TTNWEFIhqat7Dg5lcufs="}},"VPuR9iwwnOGtwJGK1ef+tQgnb8TBdv4/9FfkJQc/ScA=":{"valueMac":{"type":"Buffer","data":"KmgzPugmDSpP3040nwEpJFBEQkeew08ASPmYJgs+P/E="}},"VRQXYL0f9y/LCngro3WjiZXwCXIGfNYfF6uK7mugZ7U=":{"valueMac":{"type":"Buffer","data":"iQUM2jZBg6v4FX6HAvCLp0cQl+rj4StvbJXnXRw7Deo="}},"Vi2hbuRVeX+YI7kKJjDegqsxwvKBdtvVznjXwKnRtjg=":{"valueMac":{"type":"Buffer","data":"p9ZWgvPT4y/NhYx0Ckcz/oTToOYSfTCEf/Gtbd77CZs="}},"VnLz8xdvaza+zsBNZT9YGibaB5ko88mfofSB++XZfe0=":{"valueMac":{"type":"Buffer","data":"OrkHvG2Shu49Qf6VaUlZ6vOE3le23LsIPGyAEqtBPx8="}},"V20EAgRFC99fK3MdA5T7MIuJJPM/BVs73vonwVe2jHE=":{"valueMac":{"type":"Buffer","data":"guXaN/TkBH7abkLKnOSZm81O+JmBm7Rd08i4+Ccr/E4="}},"V3H2olSpajCDBBsw8iuR/AJDyJIZjgPgCOQO6Z+UQds=":{"valueMac":{"type":"Buffer","data":"Pg+GyYvMlbNELzZIwllEJ/t4DgS3p7KqLJ7xxg7WaAs="}},"V3mwpLvzdn+NRiAjumO2BKSAYgD1Z2IftOJeDC9L42M=":{"valueMac":{"type":"Buffer","data":"GmiZUqY+17qLPimgP9iRXqcuEadXiPF9n+cR13iiv8Q="}},"V5XerGn+Pyg8png2CCybFbq/h4rkoR5AMrAJsKP3QZQ=":{"valueMac":{"type":"Buffer","data":"XVPqpKypuJVY2loR9by0Ts2LKGgOuUR7xj83puCGHCs="}},"WBhZjzklidr/BEVFKfJ0YBAJY9zp+hLl6r/CYVC4cqQ=":{"valueMac":{"type":"Buffer","data":"Gtv6V5ARX4U+cfiN9EuaWu3Tl9iPB368yKfgVVBVl5A="}},"WM6hyMD8mXsMheeywqYC13kNbz9gL5BwTpHamS1PvAY=":{"valueMac":{"type":"Buffer","data":"2xrVexzmSOFhAnF2Mnrdz8TrCY8Yn5H6GiMxNrqE444="}},"WRJlqdpcDg5YlFj0UlhQh+7T1WZwOK/Abg3WBqB/wX4=":{"valueMac":{"type":"Buffer","data":"fw5Tt782vaLwP90fiKxNAAKruc/I8FWtO9XBHsht8x0="}},"WR5OkBlsQS597SBDiE1r+HDwUD2pgLJieYdCyspNkRo=":{"valueMac":{"type":"Buffer","data":"PTUVbkkWZDwiO4LqKQ/AlgeIIqw/h2k/X18y5sjMd7A="}},"WTaZ+HRbvJWcTqs06INN/wHrGaTHU9cnrvo682xJLwU=":{"valueMac":{"type":"Buffer","data":"6gYRHvBwOg3f7e4F104QI8uNjZ1nZlBVX5EN/YRh/2M="}},"WbNy6MSd6fUfKUYtlcdmztaf4bhpxCLej7suQbQdqHs=":{"valueMac":{"type":"Buffer","data":"xRklptMfvFqE8Lu1lG/SPq7EMHA/2M5PSXKa0wIjgek="}},"WbvU6z5J/rZGSu+aehXnQgZIEMpjiPVy+4i9mD39HYc=":{"valueMac":{"type":"Buffer","data":"gqXdMhzFRm7JQvEH9M3A063Y6SzGQHtlDoE8y4U3ep0="}},"Whi6y6VOVsoMCKoPUO7h/0byLlMoLjYv25DwIqwaUA0=":{"valueMac":{"type":"Buffer","data":"ey61h2QBY0BNRCk+TfAJOAyjp88CPUjmFO/cAV27OPw="}},"W2w3ZxzbZp4cL5CPDGHwsuvuS+vqpHQZn3VdFgmoofI=":{"valueMac":{"type":"Buffer","data":"HGbh2i5ANoe8fKC9g03c1BjnF+zxacYoXFJjVTFtgZE="}},"W3J+KH+yk71NocObPXBhFnekAWNn3ce4Ir+fRX+qoy0=":{"valueMac":{"type":"Buffer","data":"WOphkBEWkYNyqj8ycl5oz1aU0vCzEwaogCU52V7XOBs="}},"XMXSKBva9eK/IX+3QnaWTmr88cbsqS/ra1P3FsfQTT4=":{"valueMac":{"type":"Buffer","data":"oGDs+XmbhNQ7nBZ5Z/xrj0d+8I2xAUJjZhTg1uaAOUA="}},"XQVz2wedUL4EtMwJNwTXUWxfagMbesqzC2rc9H1orPQ=":{"valueMac":{"type":"Buffer","data":"0JLwi55Y3CeF0tNG5Nv+BN2UoCpKZqXA7nsPUeXGY3E="}},"Xd66hF1ySYvB3Ukd1M4IGwUB8E/yDFkaIUDtHmI167s=":{"valueMac":{"type":"Buffer","data":"lDZUzG4xnlPn90hylv4Iv+YT9zEv1rlOo8OQP1maWpY="}},"Xg0lWW6mNij7wqvHDaD1F3XRvpT8s9VLIkNmC/CNfDU=":{"valueMac":{"type":"Buffer","data":"v/Cm6x+H3IDuiCk5JmR/hLtFnQ5kJ1xkk+9YVxCQ4Ro="}},"XmG6q758LKulbmR6/WTWQqYP0ehHS/8y8FG/PSDQt8w=":{"valueMac":{"type":"Buffer","data":"MllEm1KvMbjAiTxRgB2h/O63GjagrTRXM3o1GCrh124="}},"XmN+3pfQpywqEDV8ym2qJ2KbqgZ4yxtCwHjvvqbcaK8=":{"valueMac":{"type":"Buffer","data":"CVtKOVicTX8h5nD/czkRldV+pEjDoCN/FxN8LJV9kdk="}},"XymEYzLIMLVeau/yIlFLU2/y3WfjVrE8ndQwdFSGbXI=":{"valueMac":{"type":"Buffer","data":"vY0tdhF2D62WuDkLmXMnkMzsIX//KeA/EK/RPLzqfe8="}},"XzXa3Y+hYS+0GuXvxB9J14yhGLza+PT8TFEd2x0JGz0=":{"valueMac":{"type":"Buffer","data":"Zllz/bBtjYvemqnO5l+VE+22LfSaG/SkYrG1mBu+VxY="}},"XzdqQ6Axz4FXonn0l1oOYyaUGlIJUQid/vt8DtJaBRM=":{"valueMac":{"type":"Buffer","data":"Lhj46E/zbwTZJH/6Z3d654ybwraFVEShL34CTO+mtE8="}},"YIoLmWQzq4BM/X3GSy9My0MV/yu62LTIJjvQoea9FO4=":{"valueMac":{"type":"Buffer","data":"VG2aMBSZd1t8JNuld2Q5oz2Mwlpgsamq1m5PaVtIO28="}},"YKnJTyLXIkYcSuLQnnp0siklKAGrSimbPKISFJM/bIU=":{"valueMac":{"type":"Buffer","data":"AGbBHjzqplPEsAM+PCqom91u9KcdZBKA+0TroIL0Tvo="}},"YOZJ1qHTWO5095iDZZAudwmB3eu3R4AzZAtp2rMdNHk=":{"valueMac":{"type":"Buffer","data":"NwgKDmCuau4F8ouFZRF4iPUyEnD0288quGTwxgT0AQQ="}},"YQr7d/6iVmIvUFMKobJhun3xbywiZdYYaHW3fE64Td8=":{"valueMac":{"type":"Buffer","data":"L7raXoniHpiFDrJkc8j5aZlAOaEWUZvbpUTQkv8ReRw="}},"YXdBYbW2gQgPpA7NiVGBH1TpDbbqiM/FMJZ02gitumk=":{"valueMac":{"type":"Buffer","data":"Ccs1+Pb6BtXWclDJt/Ce5KQyGiLiQMjSymULwTGhzo8="}},"YaNOYBCaWB6olCRxV6UtsBd2H1tryDECF951/QTQzH0=":{"valueMac":{"type":"Buffer","data":"H6p2X5DjB/US8gFaF5nUeqytBG+3YiSBKHr/ZIIJQYw="}},"YcwlJhgUvGVmz8m/r12YpP3XJrqX4cm241kBa313a+o=":{"valueMac":{"type":"Buffer","data":"kmx4NsPS32lLSgxaNgyrt/Q+gBjCkcp2j9CHvxmdRrI="}},"Yh4H7qbbt4eWek6WqU67HmHh1C3+Jd+Afy0TMVPfNN8=":{"valueMac":{"type":"Buffer","data":"j5YIikM0Wq7UJnCF1HciG7DgKOuxM7wd3Zk0KYMahEU="}},"Yv77mRZiN8BPdQNs71Xx9C+83bGR+M7oPfqLRwsT+fA=":{"valueMac":{"type":"Buffer","data":"i0sRpLCZUWMT8/MLq50J45GthgvJTOSTsk834jOQah8="}},"Y07VJh5S/eMFMtGwxDWmuHl2nKzYDKcbboazB5GlrBo=":{"valueMac":{"type":"Buffer","data":"BC5QOsnPX9p5c8CXr6vCEcMck/PrAg3uv55ExJLuhSU="}},"Y4168+Z2bhDuZdpSWyrRcm5vNiSZXsCAT/8sv6Syvww=":{"valueMac":{"type":"Buffer","data":"lsSEawhTlFEDnRtRqSwQXsoantQJPBnaA8SjW9Cgc70="}},"ZEK2n0Ylb7ZHlI5zjB5cWCsLBGqzmiZZTx4v7Z9YmLE=":{"valueMac":{"type":"Buffer","data":"1toKILfZ2ya7c63VEvxLc/tRej0EDaJ+EFlv6muRZCs="}},"ZG30o58PzCS7uDRMIk00O/O8SpVVwSVY+wZSgkdx7L8=":{"valueMac":{"type":"Buffer","data":"XYnPMkfn5S5ClkyLJG+pQ0yth94xajzOMvp2Hp2raeg="}},"ZJEWu8R3Tjh5GALcyNssZs/TaCo9Ye0rwWx8J0HgXLg=":{"valueMac":{"type":"Buffer","data":"cLkgYQm04QoA6jsC/Td0AeAAnz+1yUJ98SefC4iBa0c="}},"ZPtZBDEdB5/Y4po5prRuNrxDteIEvCKLlDhJvFuZW/A=":{"valueMac":{"type":"Buffer","data":"MrAn9tK2tUogKjRciuwXYMDsJCI+t2z4GtFMjg1twYY="}},"ZQIGCVokWrVIol7nua9D9LEP6Pe4dguTFx1JNzxe3Y4=":{"valueMac":{"type":"Buffer","data":"EE76mPQlPeSrf2DqIlrNeHPBxs1KSl9hgnQOnNSZRBs="}},"ZZwB/SAe5KTejRN9f4KMDQAtQehGmA4n6HUkdRtcERA=":{"valueMac":{"type":"Buffer","data":"ypDrutdJxhioPWixfMwXBonHi5+n68sGHhZkO8fca3g="}},"ZapEOG+mE5Qo2GSpNxundqm+cbVVkPkvUAXRGf+USdc=":{"valueMac":{"type":"Buffer","data":"QejlYIL9BzVM8pf9l/91m8MqtBTUveE00Oxm+/d7g58="}},"Z0ZsDmzyGGI72+fg74zmqwKmDiT1fa1KdakzDTyC+ps=":{"valueMac":{"type":"Buffer","data":"iFcZIHMaM4jG7oNqvWKKQ++eBrRqUM/p00MeFY292fI="}},"Z8Z0/RPFMMfAoFe7xNi2yDgnnY7qIsVnxJnpFBfLhK8=":{"valueMac":{"type":"Buffer","data":"vijbcBw7EYKERakCrBcVdZOVELWt3IfrwyARk7sJLF8="}},"aEdk7omwseVeZ1J6Jbz+K2SC8PkUU0OwkM0qYTAQDck=":{"valueMac":{"type":"Buffer","data":"/r9SBaPZp3BjyEI236EsHZ/7k9Yxn9C7T2vWiRY13Oc="}},"aM2V4/wkBosqpNn4Ktt8K42MA/m7B1pXrYqlXPnR7Sc=":{"valueMac":{"type":"Buffer","data":"vOMEgmHnJGKFWZw5wcpUZUnwZUTWFkRgqrKKRHC+eI0="}},"aTlwXb1cFQYfTBej4Ey/Tzocy8DnaAQNDzsRLB3dMbU=":{"valueMac":{"type":"Buffer","data":"05iVIsrpUMeRFom5HGCFmQ5frQXY+HZIKiCf1YaQTN8="}},"aTq30XkUSJjG/7274I9HLKbN1lX1vTHmqrFx530wHUk=":{"valueMac":{"type":"Buffer","data":"rdhjk8LbEHCBhmF4xw78yQ/5JtRXrNwu39opvGPBoM0="}},"aakYrdL5mABUeLfFnktrRSvKTalrkH55A+mLN86706s=":{"valueMac":{"type":"Buffer","data":"0b2yzz2uKO22D9K2ucbrGhhSw3NGt7DAWk5Fdxjyx4U="}},"acORfa+Xm6CKn7errY0aJ8vb0ZY1wYOcSdYWP+EVqho=":{"valueMac":{"type":"Buffer","data":"lrMfdOCkXr09XdYUBKOGlDu1yd7MH9tfuxBImz9kdNs="}},"anetF1vTCaYopnctdOqZymG8RnZiXL3Ha+Oq2j6J9D4=":{"valueMac":{"type":"Buffer","data":"1sBJYO7riGBAmBkw0QR5VuQGX2VRjb6x1Bart9iiC2U="}},"awFOMipbHQRjWTHC+dP+26jGHyv69z5LEiCvpt5dbj8=":{"valueMac":{"type":"Buffer","data":"dVP51trF6eVhv2R865C/eX5DRgbtA/jRBCU/MplOqME="}},"a4iEKvW2jTMVqP/CoT2d4pC7HKi9oti3DaXQewJQ8TM=":{"valueMac":{"type":"Buffer","data":"QGl+1oRndTOQ3FoLy2XM3hGzfLcbXR6v7wHmN0GkvlI="}},"a/UsiHs+n6RjenUJN5ngkoXa1qmNjQe6wJb2V5kguC8=":{"valueMac":{"type":"Buffer","data":"/Qg2pHTzVYSfrTesGicv/JM4I2A72YUBY5NBgIxDslw="}},"bKsrnooHVgwYEuHYIkL/UEB5VkpQMPvUfZPMOidK9wo=":{"valueMac":{"type":"Buffer","data":"GuJJ5hI3v9Vm2hFz0uOm9jeiK1qbwzk7JmS+U3cvtVs="}},"bP1tMTkV1IUrvuPRG16M4eEXX1SawDi2iu7x/FSG9Ik=":{"valueMac":{"type":"Buffer","data":"dY2qqT3+ru9Y74/4tBkD6J0CLS3VThrL7yVxkNamtT8="}},"bVR57ZDrsnqfPVrM26UyPfbYkfHgf15QzDr1JP0RPCY=":{"valueMac":{"type":"Buffer","data":"tDjejBg7MM1hsjXKupYhB8t/1iJcMbNWk5BbXt7B+ZI="}},"bekacFtEGQafccD85+yJIcFOOmNAjHFnf8SNDuW/ZFo=":{"valueMac":{"type":"Buffer","data":"43hxOYbb7B2+EunHSWWFjLIv6y2SgS2j5PkEKg4lF1U="}},"bmEbP4fR5kh7/6n9ZRj9JWsfySopeLIlkCRs6YY/jnw=":{"valueMac":{"type":"Buffer","data":"/+EFhQZh+RUJu0J/cvAb5Zk/4ZPkdXTgXjKqXz4Rong="}},"bmEeNcADfbFESYhS5DwyHUkCRQYX2IIqb5e7+EFYht8=":{"valueMac":{"type":"Buffer","data":"N2jfiYZmXxP8VrYjSntnUsLBoqFwZWPrtNs+yuY5qWQ="}},"bwmpZ6vT04frmwddYl4XDY3OEHiHQcGzwruQsW6Ll7s=":{"valueMac":{"type":"Buffer","data":"0pYxZG07rO/xuabqlMhQpozFnUK2GU1nysaLHI/FjRw="}},"b3wPJDyxj38EXIwlwkrJ9Q0WqPIevt5VFJLrq8BALhY=":{"valueMac":{"type":"Buffer","data":"QPTc+SJc3xIjy6jiyi7BvgVLQNg2oWD9kTtklcN5wmk="}},"b75jW3jrsU5zVpgjXg9tAtS6Eq7zLNFzEF1CW9jVGTQ=":{"valueMac":{"type":"Buffer","data":"HtNNJ8KF1ch5sxD/XI2dX7ReAg4mOCXG1NNOavX30EU="}},"cRZOlqHlifg30jCq85w0ZwdtbszxG/vznKBgAU8f0Gg=":{"valueMac":{"type":"Buffer","data":"qx4miYqgWBG2BYQMvDRAtQqOYKdu6sr6qqRQMlbaJXU="}},"cU+g18xQEupHEpG+CUz05/kXZE3PD5OSFpq7M0QVyi8=":{"valueMac":{"type":"Buffer","data":"OVk4hka4wtCqZ+Bm83A8riAg4vHVQESreF3wqFPX2Cs="}},"cYg7AeozX7WBcEMDOJRq8RYj3n5pP60KwkECNe37pkM=":{"valueMac":{"type":"Buffer","data":"jHAkqJyu8pGasgUiRz8qP0wWcM1n6ihKLo8Zuu0mNUo="}},"ccVmpQnZ9CUd52HXgOgH28ErzIvvYXDv/dfzLeQYMMU=":{"valueMac":{"type":"Buffer","data":"AkFCrMr9i3X462I5YUETEqwwixRwLz04QeTHEN1xQHA="}},"cd8jasgJCokOHcqqSQ8P6NvLyJGpFATpSr7UAqgF8bg=":{"valueMac":{"type":"Buffer","data":"7glYm0mV9FuBVF+2uoXCA4K8ftOgnPHPKqHxr07u+Lo="}},"conhLWrn66Tm7jXuGQyt71pfxLmRNI3gjX+I+7mMTXg=":{"valueMac":{"type":"Buffer","data":"16MxolkoffOtbbEQS0/kGY8SBhdaJ6vKfChRBGQKdk8="}},"c3Wm0hvHVW5/kjtrT9F8YpSbNAX+MuCT9CA3AVVoNz8=":{"valueMac":{"type":"Buffer","data":"jUdpbUJy33Zpob4FMxNFmGPrp+RGi4IaFUHT7arNdIs="}},"dAfEjlLIKY/EvvE0gw+KiyX5VkCK/csIoYkkMhY4rk4=":{"valueMac":{"type":"Buffer","data":"MH5GB348ChyG71RvW1keQR51v1QF5ogIBWkZlyRxDY4="}},"dEZx1+j4OmQ2UJG+Sbe71AAEiNX/6EjXQuggP410ehk=":{"valueMac":{"type":"Buffer","data":"V9f5wurdqZySudf18TdhAUuN6pctRAzh2y42FtujwYM="}},"dHjZo940OpqIqJ0M4O1U/YFxUL3c0shvLVB0/AqFIdI=":{"valueMac":{"type":"Buffer","data":"F0pAhnn0ZQN+/X4SM0p+msrwW6zVJzOahtM5tjyd1sI="}},"dPzZKcK6IAJakW5xxOyFHNHb4/w8NXHUsNqTl8FVmsg=":{"valueMac":{"type":"Buffer","data":"BTeESSc1XbXKX0iFJNcAtsI0teVTVYulvfL4V+SVFJs="}},"dUbKCtRhnbTVvU7rdjaDJS9QFTE9aBJ6lLVQToklgmo=":{"valueMac":{"type":"Buffer","data":"VGX/R0gNzv38tYLhD3XwEA7Xw04K52yNs4zK4S0fitA="}},"eIQJWxzLEtmaHtqheHi6c70DRvTLpicF2KtT/8CLM+c=":{"valueMac":{"type":"Buffer","data":"t8d1kxsnNJmSCPTgYWs+8KxcgNVRJdCEloSrijOgZ/o="}},"eNraAJB7jX9WNJg9FrdcHSEg3TO5XjtsyCJPT1L9htQ=":{"valueMac":{"type":"Buffer","data":"C5lNF6iGFskkO+q53ryRPVF+bjefUKxpfVL8v+tNr/o="}},"eTw/X00LiKg87UJoaapediI6LNbA7EHoqzn+wca+gdQ=":{"valueMac":{"type":"Buffer","data":"ss5u+L5WRlqARIFL8mhHiStGNjGI1eiQV/b2vuvHV2I="}},"ehj8CBiHGC7UZbOlNXtWRP2aiLX8+aKC03UjFDhGxm0=":{"valueMac":{"type":"Buffer","data":"cl7HBWMIeLFkYRRphNqAGk+hecd2YT83YKxXXGe7Lh4="}},"etnyhHbDNZcrn7g3YThaeOCBVjZXXKEjuMficqr03uo=":{"valueMac":{"type":"Buffer","data":"or1dwotMrZ+djpJ3YFddfO8+R1M69Kf9ejrAskQqSyo="}},"ewUpeZnVSwr2bZkX82uF+MsvET7JXgo/+Mk2Je5DD1Q=":{"valueMac":{"type":"Buffer","data":"cA+4HeSl7yI777o/yB3mY6ll+XmiEexH2ZMGgNjqKCw="}},"e2+hEO74GONo+RrGONjWl9h8yHgPpNVeU1sk3WsvKeQ=":{"valueMac":{"type":"Buffer","data":"Gg3nlBJ6tGicf/tJVuRgvc5KLu/sfaapnM3PSMcwCgc="}},"fJGIDeeuPXxlcJXT4AVZiWTQBJVtvtHJLBovMXPvK1I=":{"valueMac":{"type":"Buffer","data":"4E2u/Ly5nXgO1bxTaf4FFsVnuY5Y9hmZt1EVn3yMwIw="}},"fYoLhzI9OYUerFMSYweERtPz7a3FkXAMiW57dTRvIa8=":{"valueMac":{"type":"Buffer","data":"UuDXo1zqwbBBPKJVNsRi4sQrxEoHyAyIzn2Yl7qfjz8="}},"faRa0MBbB8gjv1yck+S6+MQ2UHZK8e2BhKdoLHD/FGg=":{"valueMac":{"type":"Buffer","data":"H+Tic2f/0ipGOR+hzOLr2TYLJQk+ysskdVQHSXskEMU="}},"f6ZIk8ZlJiGrSKjjWNn+76OGSzYLtQyDs1RHmJt+QXA=":{"valueMac":{"type":"Buffer","data":"4V3dEGCLw4n49yN1gtmhQcpmeA/QVn2Fo78yiGjrInU="}},"f7TfjViaKL6NFYRj3LjKasDX1Gx2qiiDhXqVGWsjaNM=":{"valueMac":{"type":"Buffer","data":"cXsBghylohe28eDdNP6X7pcJkaMK9lNIFSBEwQGBfLs="}},"gC1htV34F073HM13M6jSca66wcB2iT4c6xzSPGD+ez4=":{"valueMac":{"type":"Buffer","data":"pOLN/zZAPNGrrmpR+FMbzjPeJmcK1A1jPXnAl1upEm8="}},"gN0ufNeCAbCrHlDSUn4IfoH4NUHmNM+i90NW2HJ4Bds=":{"valueMac":{"type":"Buffer","data":"4fM8/mVSkohING2HCC1T1SYFig9H/Y5Xxlx3GQ78+fI="}},"gV1HZIWE4GrRueW7/pVrPCTycljnheWugsQqTOkFYHw=":{"valueMac":{"type":"Buffer","data":"ZEoM5Rmp2apV7l+xopLBN+2szjYlqQ49ZEcAfwas6lU="}},"gcWOnV0xVhZnlUhlq0u5xYr1xK/WW0pxeCuRIEQFT9s=":{"valueMac":{"type":"Buffer","data":"zLsNMkWZycfcVG2WeVr+JCvsyL47/PbiILCv2OnH1JQ="}},"gqa2QJHfrJqtwz4mQ++ghr+m6TFdLa/bM2555b3waqA=":{"valueMac":{"type":"Buffer","data":"Tr7oh40n3YRWnSGFVn0nz+4+P51o6qgv9//+0duHwd4="}},"gxLZk8c1S25LTuAIxuy2+6T7x+3R4G/RYkrin+9B/eQ=":{"valueMac":{"type":"Buffer","data":"14EBi8WgYwc8b+gLYXvTXWVhmecwP+tlTYwS3wxO/Js="}},"gz8+09Er2CjUldysN0+a1SMatDUanAIc8/UAzUE3yD8=":{"valueMac":{"type":"Buffer","data":"gk3ybTYSnAxvi/8/11vJH0aTLBqjuMs8WV6ghF6cpLM="}},"g4pn/tB6ZrLEBPfSvritWYlSFKTG+RGVe182x+sWgxM=":{"valueMac":{"type":"Buffer","data":"yCELfzZ1GeZWnQUZ7/e+seTr/8Q0rHt3gyT0I+K2Jn8="}},"hBs6G6ktE513vmM30cKQTOp1udIGfZjXZJkqumkSCas=":{"valueMac":{"type":"Buffer","data":"9cRsb6yEM+TmRJyjoQ7EEDwlRH/Clt6BYgRsqKNvwaI="}},"hNop+U4zYJZhOtf3hvXIEqhRdLEA3yPvwGXwaU99beM=":{"valueMac":{"type":"Buffer","data":"hvTg3M3KsRAcOaiXQ5j2Yeg9/a54JXlwSb8rGdWRVOo="}},"hWeTyAhvG7xEh0wHFDcLaDOiQqsPA+7zND9bseFbBXs=":{"valueMac":{"type":"Buffer","data":"IEJNvNkce+uHnlDZoYS+hSYNsQRbjjlL6CzyaainhPQ="}},"hcc8xyH6ebrGtAwBCHphEXpb5Zyf3XjdqoVEnBLtdU0=":{"valueMac":{"type":"Buffer","data":"xvAo4hI/rM4fIknTA6pgsd8KvRVlxEHYBhplXq4iM3E="}},"hhAqlJEtROdUtVYUWN7dTJPYviEearDsYVOgYFrzWek=":{"valueMac":{"type":"Buffer","data":"34S6/2an07BaXOsGS4Lj8A2bvQy+AAi9T3Swh5EgrHQ="}},"hk7iiKkdFdpoydikTwHDHcse7e33LBE6nFmSw2zpXN4=":{"valueMac":{"type":"Buffer","data":"T6mWzbEEvmIJnqWYP5ZZoj+sX9qCm6tSnKZ9+PtNtaQ="}},"hltyVv68y+ciNYjE8eJvTkgtHwl/TXkuDkgzR9Fy0e0=":{"valueMac":{"type":"Buffer","data":"iIJW5cBAHmO/DS6fbDHse/V7112pA5WIaOaS4KzxHtc="}},"h9oyVORL0SXX8S+vkOwUMASeWPXtcKeLNzxFe1Gn2DU=":{"valueMac":{"type":"Buffer","data":"uehvL3kl1E2QT36Wc6hniOdQqAXBQ6b2UBhkI8QqAx8="}},"iFaeicEkAovRbC7cvk0XVkP7qUEw2uF09aDoeaIksa8=":{"valueMac":{"type":"Buffer","data":"sYlFwECmXOKgrTwcDB1EF6cI42NDXz0VVMf3p1ILEek="}},"iMpJDFwyYvmYEvHg4nJoMgVB8JBsF7zLpE7DbvsSrec=":{"valueMac":{"type":"Buffer","data":"/h4leQsc03EwF10EghWPnx/iSMP0a3XWXrUmIh9gqrE="}},"iQ7+JFe4EZcVKPtQfNBCSO3yAaolZRExSd2gAwZi17E=":{"valueMac":{"type":"Buffer","data":"QO4EewDCYUoBtacUlSbsfPQefUf1/TiaHg1ILWIO/2I="}},"iaNJY9J3/gZbgzQ4YvaJ1jyrc2kDd2T1fX8F9HfhI74=":{"valueMac":{"type":"Buffer","data":"JF2zYIRfa1/yIwtIdF/M7dWbNja2jhyUWu+W3TwlkEI="}},"ibOucm9gVOWdc1WfE1Sv9fu9e5PLtTmpV7ibFkkcxzo=":{"valueMac":{"type":"Buffer","data":"5xgryc0BD1ft8NHsjpvmkSRgZICL6RuDiscv56pmpYw="}},"ifBwv6hTZufv4E/ZwS+1dKw1B8Ml8jZwzZtnGbRSQQk=":{"valueMac":{"type":"Buffer","data":"tktFW6TiLUFfZCvGwbJCOhK+W2cOzSveYB9OV1oaxaQ="}},"io6sfv+cVW4s0ClZ4GOFyQP54VMGw6iuGm6Hx0rtork=":{"valueMac":{"type":"Buffer","data":"G0Vcd0xn0bV44TQoxc+bJ6KXH2Rt9Ux7Ct75ZB4FPjM="}},"iwIvybGhB5G+y95W3DuVQHZ7Cw7BVdJhpLvyoK47eMs=":{"valueMac":{"type":"Buffer","data":"7to6qFWbjF4YHWy8jZ8qWD8QreT4OSBFhY+QfMSEmkQ="}},"i4J0g8tVco8gbE8o0/Ue3nGGlL3lq1pJRWez1wPsyGQ=":{"valueMac":{"type":"Buffer","data":"xC8DNyAlNWn2ESbgMGVXY9TtLxuuVGkad5b6IIo1LZQ="}},"i61ds4HdQU1b0PBpts0aEUQFaG7A7jlRGyPaFYZh5pY=":{"valueMac":{"type":"Buffer","data":"/3bR8BEqBKSquEvFjHd1a6jm/kH+pzNute6S5XmCouE="}},"i7vaiMVuyhwVaiB143jAS+eeogsXhR3+/GaXcuz4OuA=":{"valueMac":{"type":"Buffer","data":"s2TPwvGQDAP2m/dM/5axzNdsKFDQg5uiN9gZ9dh2WEg="}},"i+3ZRL7nT9shiP9aAlmY25jlC3nLfVsmdbj1OmWQqGA=":{"valueMac":{"type":"Buffer","data":"cPFL+jzzO8cDAfEsUgI+CDaxK0CTUSr/FZNZlVNxmJk="}},"jAPpJtvGUyDfzQrtS0orfFW12g/UVIDIv56bm1wBtus=":{"valueMac":{"type":"Buffer","data":"tBxAOqd8mNCO96J6GrHiikXcRMA5Y/UficGeorBkh18="}},"jOlZrwErgQmMPgZAT5vnfva82/z6cZYrUI1+xx8crrc=":{"valueMac":{"type":"Buffer","data":"I7csRSnIG0CdVp3FbeQjYlGJJmq7YfVOVn2RdYlh1wg="}},"jRm17yp5Iu8VEuVpHGITlq1TItZ7VCV7y6exAG1lXIw=":{"valueMac":{"type":"Buffer","data":"kQFnfJm60L2emlFMuszBd2hwqzg3kpj5Xhb9GMnZB08="}},"jaj4b4tYmAkcmQ7c51LiGos1N6CLTYTHituBurtEHb4=":{"valueMac":{"type":"Buffer","data":"y8Am9iGD7QoP/VRI51EmTrYw6o/P93m8DOKiAQ3A/Gs="}},"jfg4DaJ5GrEN2NFJEmj4/xdmtqiUUdzyRaA4mwYz9y4=":{"valueMac":{"type":"Buffer","data":"GR3R/Z+kLKYbcqcZiqK+yb5aXvX9d+/y1tFrNdRh/uI="}},"jhyOKCWvsUiGNrjS4X8NnpMVXfmRqGIPcGkPps+6mxk=":{"valueMac":{"type":"Buffer","data":"vnicrAVfK6kFWyngB1wJgHkP6UKMKKRE8aSql/z3VAM="}},"jjexp27pzCoHYkWpGejqrujySnlcTFZobFLEDmHu/5A=":{"valueMac":{"type":"Buffer","data":"8wczRdTWkYvfJ4SyxIOvPrXBRB0wpEfChyvdbJZC2+o="}},"jogRoQvD1LFIGUKnJ6Df369rWNi0P5/XlE08lPWpmmI=":{"valueMac":{"type":"Buffer","data":"gZ5/naM5M17wnegIUydDCWkznIT5cSwqEJSv0pQYoC8="}},"jrKbNn7AcZ09fKlnlb3RMgcPYAFfoSmaCB3nZ8uhyY8=":{"valueMac":{"type":"Buffer","data":"CJurbRG6t7v2+PEBce9HyxgDr8IeJ/ZBafR8gypmsrc="}},"j2vg1QiO2prRD5iuYT6NOO1HdLOAMH2gEE4cVHN7qYw=":{"valueMac":{"type":"Buffer","data":"jM4a8P/ADqFnb0le4HbejoMqvLFHScS8hKyOxzainCs="}},"kDMFn92iHaUyyrrguFNDgpI6fkP6gOXXBbPycyIVaDY=":{"valueMac":{"type":"Buffer","data":"mMg19hqaJjLCxLLgehb6kdF1Be21Qi/RJSyxYCe3H1o="}},"kE8p3WJvvtes6PfAJibmvrzVhoVJV56aG49un8SWf7A=":{"valueMac":{"type":"Buffer","data":"3V6jb4QuWIM02yqRT922r1p3rYxPR3FGxJwP0o9KPxE="}},"kKaM/+UrWO+fcWAvL2bMF5Rty2dFq8IWYPRw2aB0Dzs=":{"valueMac":{"type":"Buffer","data":"/O3ehe8YiBAbbqwbT2x3KA72C6YAI+8U26SHa8Ha/jI="}},"khm3EVRSJMqrUdOrqCw9G2wVIQeC3hyao6wBgtIJIBY=":{"valueMac":{"type":"Buffer","data":"jGVOukVppiW1CyL7g72KjBxMqrXbla6l7AAXC0HZlgc="}},"khrZpyNIUDRR0K7RSiYvEgtYZizelEaVphlqXy6Qulc=":{"valueMac":{"type":"Buffer","data":"fzJMXbMwMlinulMKDK4RANCbBcwlKyqTNPu5POXDqcM="}},"kkDOrOwttgH+hWZLT/b8prF0dSjOG0B/Y7faNODk8nk=":{"valueMac":{"type":"Buffer","data":"Q3Xj9BknN1b63Etkfxwbz3TD9qSDJ0Gfp7kkTz0cqxI="}},"krKPKk2/LdnRAU8z8KcJuLesolnWUq06oE66rP9SCWU=":{"valueMac":{"type":"Buffer","data":"9SdjT8+gO59fxmB8fhvAS78uRkFxaKmNBSEzKyvd3Wo="}},"kxK/4ZF7690T8g3zORSUKURS5VkPEkI/Oc9kVye0jqc=":{"valueMac":{"type":"Buffer","data":"kr4cEr/J8MmlmdVoy2rCawBk0IHjqUx3wL0L+sJHKOY="}},"k25vh0SCzBZXImOHvp/05LWjWeRMmIz6F0kogNNN47s=":{"valueMac":{"type":"Buffer","data":"gSxpYy+mNhRZb9fUGN6liy/JI/KvTTZwXJvLnyMGr0o="}},"k3e3FVMEwaEsTR3Kl0cG4v0Iv0N9E6po4LV70NYTf7A=":{"valueMac":{"type":"Buffer","data":"QGGGX7hpqaq+2YKvOLZI8efvoQSls3/xggBjGmj4tTg="}},"lFjbd8LIbGKbThuGapCvIoBVglQY7cY7XgIECUbA+kE=":{"valueMac":{"type":"Buffer","data":"jxwmx8B/rA2mmwOoc2CijEu2MuYpinfQTjh8ANm6eYw="}},"lHNF2JUFMZ4uVVRll59c5xhBN/lZ1v1lQC89DmSUGZ8=":{"valueMac":{"type":"Buffer","data":"8PWGkQ7nyv9xDs90pWFVBRBfX+RHFMQWUSmwvuLFf+U="}},"lHQkb5IjGEjMrYg675EOhMLilnf2t7m6d2TXShiMLZ0=":{"valueMac":{"type":"Buffer","data":"K3wqiBEKy84KTuHxmZ4AdXu2xCH95ozurcNHsDu1+ec="}},"lJECz6qxfWUHT46KDr5J8FvgHJot7fbiVwpmn5YB06g=":{"valueMac":{"type":"Buffer","data":"kBDtd8mLkQ4iiBsq9pjvaPutCItgxcsM17uXZw8Eb88="}},"lSFEPthWFN9UMitzslbC5YrpaCLRWwJBI5CCAFfbN64=":{"valueMac":{"type":"Buffer","data":"5W/PvawhQsvVzYyefpzkSghX92lQNRWWETcAGLE5qSU="}},"lTDcf9TUN8eDuaeD2jrryUJT8fGGx6e2H0Bh9ZuRN+4=":{"valueMac":{"type":"Buffer","data":"qZ4VOCcznQahu5IJDjXjbyMj0Ide4HgmecYOkvoK++Q="}},"lkPTUm73CdECEn+JAJYNqjXd1nDKIm7JUev5ZFl5O80=":{"valueMac":{"type":"Buffer","data":"ET/pTsqMcHGB6Durx+iQSD9wHG6WmIJYjQlyrewnIuA="}},"lruDHcih5B7MiFvrcHcecF46mpiAqHgkxE9Ch2bokdE=":{"valueMac":{"type":"Buffer","data":"fTuHpVEpSPt5othW7yapIX8Is25vIPmVYPy92orcQ/s="}},"lxoQdWTr2z4aFU7dknu8tyjET1jLHHfTeglC9IyA9dw=":{"valueMac":{"type":"Buffer","data":"/eRzZ+6Wp70dx8s6z15GU06J0FTOHDKVaceuSW2+2mU="}},"mFgBaPXTlyckV8YxW3rapO4Skk4hiXWpbUwwYGTXv+A=":{"valueMac":{"type":"Buffer","data":"j7Rbmp5bqdOiMIjWNTsLfbWf5rhANNtbotEnKqRcv+I="}},"mRU/qxq8HUgi53QhPhdCXtp7Db7HqsI2laYxIUv/EI8=":{"valueMac":{"type":"Buffer","data":"U6+Oz5CkiYxow+BGb9sJSoUZ+UdsszUEuESesi04HKQ="}},"mVGjfnN6A9cti4kKJod8PRl/Om2fgFXuxnJmDMQH4MY=":{"valueMac":{"type":"Buffer","data":"l5CoUjJhQfPs5GM1JwnMHGVRwlqwgEfTdwFWUP5p++s="}},"mfYpwL2DJ7ASLlyshtAKXN5ELadUN/lwjU2omEin0aw=":{"valueMac":{"type":"Buffer","data":"fOK/Yb3WdEcoUPgXP1U4nv0G7KqQCQYRTJBSzdxRxC8="}},"musIQZEABee/ae4hQR36cfBiQhZm3ey+inxBH/wQR/E=":{"valueMac":{"type":"Buffer","data":"2YsYTm4O/gQjA5HfiXQ70fvJk9nNSltg9zzMmAoxZ1I="}},"nNHxtWaAU3R/vkyfDWeDYQl+yKvQlRqmzmWxkO76ubI=":{"valueMac":{"type":"Buffer","data":"se3pycETDgc9pxOD0KgynbWcZzuPqb+XMS8zYv4SOvc="}},"nT3aAK6W6aK4lQlYtnb4sR5aReU5rUQSDY3tZysO900=":{"valueMac":{"type":"Buffer","data":"jl4j32wC1GY9ibijSXV7gvvuLUby71cpA11/85BhqT0="}},"nWc/0lTjMtW3nmdFY+uxvg/l6+5zNdRA666OK2HYAtc=":{"valueMac":{"type":"Buffer","data":"/+8Ix4rZzDEBggzjZk+7jA+RF6o7wRmb1sWT0nwa02M="}},"nWrA57ShmwGQaArxYCizFU0uX147zNM7UmEFJUyO9yE=":{"valueMac":{"type":"Buffer","data":"FQpKQqvmz3G3EgBVAV9Unql/lpT9F7MTgEH0xoggxxA="}},"nZn29I7Sfu4PejeU59Iu3zi9lEQYcOpYOVbp4ByCFj8=":{"valueMac":{"type":"Buffer","data":"Rf7VHlha2t0snkeeCHfpKHzqJje+WGiA3TzxzqxwuZw="}},"nhMjekCdHDYo8TaR1ZLNhHFI5Zg3pVWXS3q6ttaflQo=":{"valueMac":{"type":"Buffer","data":"n4fqGWufJfbEd/Iu+1hWUTciFBU7PRu1tWFtwCfPNKw="}},"njpSjAEsAhz15ca/j1hOGRoP+wzN6XWADkbucQdItKM=":{"valueMac":{"type":"Buffer","data":"RB92yDhuAGynzZ4rl1Ydlpe6efogFDW5AdUROiWICCo="}},"nkQRHajz9ORNo8VfppCWCisEr5Xa95lq7G2wAhr4ZP8=":{"valueMac":{"type":"Buffer","data":"WblPsgAI421FrQ7fZHlrN+FNFbCH1KQwU9yQoQZvK4s="}},"nlWU4wxgDL4hkaYX5gtVrOeKZicCpO3anepu2hD4rVw=":{"valueMac":{"type":"Buffer","data":"4KlrCVWcH/3Sk0YVIs5N+r9zXDjBD4eBoK3qqdEZH40="}},"nqJfxTRA/Id5A+ZezPb/5qYcpcLvhrHdmZudIoNeDCA=":{"valueMac":{"type":"Buffer","data":"np/gukr1vUT93u0+IzcHeHY64zVnPTWYqLlKGid7/l8="}},"nvgD9wi0F7DhOjEyyZElRfHharclAFKeICMQdQuxEQQ=":{"valueMac":{"type":"Buffer","data":"TTclYu7nmOcVtmQEl/B1don8pOMHSPiGVg5diiFdJbw="}},"n0Edk90P76a7IKkKfZ4e7puyi3p1C37F5rXwIEf2/Zs=":{"valueMac":{"type":"Buffer","data":"vEbGmAiHJyrDmScTLGPwjEnIRzX+n4yiqHhgHYBC++U="}},"n7UMUwbkuE/Vu73Rqc9jOQpDS0qxyZMiCFCKAyrKuEc=":{"valueMac":{"type":"Buffer","data":"mSVu7yEZomLFEOBUhCf49hnEoH+QBk/qZTbLWLXuxNc="}},"n+Zmcb9XHQrIpW+Omf6AHBToVTEvfnVIz0z9sTUj7fw=":{"valueMac":{"type":"Buffer","data":"uc2S1nyhRhCASfcs1EYIwGAcD/y1phydzvE8xuJ4am8="}},"oCI5yZlPcq4nBakJyOl9AypqxYsWVETvU9l9WDj50wY=":{"valueMac":{"type":"Buffer","data":"fMO/RL7LJhHMNhuSNQlVI5SbFlNBtUJM3DEtwA113Iw="}},"oCSGe3lynayMCSBvCo7x46tsYzukgvLPl2MWXbwBNtU=":{"valueMac":{"type":"Buffer","data":"m6JS20PTqksz5YhEwB3nWpzsPB4xESo+tbFESuTZeRQ="}},"oLP2GO/fhuZbceZq3KslVwiwpO02FdJkK+B6fB4dCx8=":{"valueMac":{"type":"Buffer","data":"lMDB5egQ0NOGhqF+Du/VQHZlHmfkycbyYMjTKzmVo6c="}},"oXt/V/A+EGejXnnhBx9qgZ60mRRQrCKM6LW6ZQskFQw=":{"valueMac":{"type":"Buffer","data":"gOT/XpCfu7h+rk7eNpgIIOPfdjcl9yLE9s7HF4yaMrw="}},"obscT17xT+d2ImSBcbihLj99uIytI4ABj6R5WMKyxcY=":{"valueMac":{"type":"Buffer","data":"n8kZ9IWHKG0AUWrg4byHu4J765QzLLVC9+i7j1Fypuw="}},"oiAhEbZHTQPB6dyGELrQVClBpiiVTOW1SlnjXJ4+QnY=":{"valueMac":{"type":"Buffer","data":"LtiOMnTQPVQXgdOn7Q3vL/yVSN+gftj7wjxyOKyWIY4="}},"okXqSqEDtu7ZzMH0Mmg4tzKvutKdo5Kk4dDQnQhZLzQ=":{"valueMac":{"type":"Buffer","data":"Vjur3+wH/ZrVqvIHU+u2OcvGxLiBg724xVzvEgxxWOo="}},"opGK6LSIdzZe0VVy6x3btWj4Kscltx2ph4rigBvTpf0=":{"valueMac":{"type":"Buffer","data":"9FOgcX3yjwiv2cM7hUGBH6Ns5DPQ0ZQnrRtXU6Aa7Tc="}},"ougqL3e6c19xe9xjInPgVruPqJb/3jLthJmdZIZOlSg=":{"valueMac":{"type":"Buffer","data":"pdF4t/K3VnzN+feE6BShW6H135yzM2iP8ABRYp1Znh8="}},"o0VryhUNLPZNYHhflbxUhzIElB+DA2rcLrz5muO9nA0=":{"valueMac":{"type":"Buffer","data":"Ls85wz/OtTwhhAmxcl+r0kxF+IIuiXJgdiQh0vC0OGo="}},"o/LTdFR7Tcb+MfMv6iUfIKxKAPcTFxZgF1DJxQMxlm4=":{"valueMac":{"type":"Buffer","data":"71EPc0kMmFymIZYYaM7tf5zSzEiqynH2TWI2y87gcqs="}},"pApSCy4AeqBiXD7laUvoJwWRmcYU5RDbIyw7yBdwnL4=":{"valueMac":{"type":"Buffer","data":"dyZT3YUKinF/fKO3rDJf41tLyMLjbT7/3TJ2GCtjp+Y="}},"pIJKAMuy79DeEkw2p1Nl+FyyaNJJNX9W4Buk/reF+RY=":{"valueMac":{"type":"Buffer","data":"NT5R1Hvg2xGreZsHAc/iZNxOU6DVfJ4Jp4opPymkAGw="}},"pWrSsnkTRUVHkt3JHq2NvCMrdt5P767horDrtTl/GiU=":{"valueMac":{"type":"Buffer","data":"OEGl9YLqmlIpT8JbYXKOvx4hLOQEvz3CXTuHGg8/8zw="}},"pdPmusOqU00FmcilX11XxyglycdT9Xryiie+2dXOaJw=":{"valueMac":{"type":"Buffer","data":"tjpT52R7SwzhTnZ4rnnoRUQYCklEHMjmhtg1d7jPdNQ="}},"pgE6N5vqD/MxAeLqhX/FIgYvj7kmcUa3U3hdF5RxZkE=":{"valueMac":{"type":"Buffer","data":"IIou8DUUNUjRG77FtyvtkqGvTwJ21eeUJf0E0nkYq2M="}},"pk3Q/2v+SZCUBIdq8woUwtrYBYmdJ8VDvNH72j1TCy4=":{"valueMac":{"type":"Buffer","data":"bYJl0TJam6pWITtPC5LJbiIF8U71lHmOUyyVbcyAOlY="}},"pubqcqTtr6VZaeh6sQqjahqlvmoJqi1aq+Bo8Rv9s08=":{"valueMac":{"type":"Buffer","data":"xJyzTifdeUOYw9OWt40F0dAlJlWdgMNVrVbpTsUeTc0="}},"pvMO8modQgeWzsLsyxQTv9QLXIh3iSpIgyGJ63ojTkk=":{"valueMac":{"type":"Buffer","data":"tdJu/NAduyalJzlZgtAiGvwC/PA30BdrGA42/deZSJw="}},"p0obhGvfMRi5PCNXwjHtKr+c3qJVYcFBsna5KRANrp0=":{"valueMac":{"type":"Buffer","data":"oaicjhrghw1T+K/q0ygIrQ9ZItpX4hWRkgSJI2xEvFA="}},"p4MUguDVbJ71u88AkdSbsuhUaGbrFZcagN9bbBcmTf8=":{"valueMac":{"type":"Buffer","data":"SM+wt26KbTzNGZVHG3A9NNb0F/kfQ68j2ygmF0hGX8Y="}},"p9GCTakIhkAY18zjHNHcNTwD+IfjwQX16xcIXeFbLqk=":{"valueMac":{"type":"Buffer","data":"486Kypeh5EOU5ZiXfqVnQjlf3fF2sFxrewCdIY1HF/Q="}},"p9aJKSzmZ3wqWjwJdcwOLOnOREjiQs+NMCmyqjrs+ls=":{"valueMac":{"type":"Buffer","data":"/cYXRpESAVlON5S4EB6zmNRjnE81ICGAoXgcDmUkpg4="}},"qBh2ofrlWjujPVU1nQELu+iRy87CQh5kTa3ywtDBLww=":{"valueMac":{"type":"Buffer","data":"SFznE1+ChttDnNNuEeiWvX/1gUxUrZ4kNLUWnNM9IIQ="}},"qOL16RuYV9GXNPVC0waGF23KfCb0HUIB1Xk2bjobNMQ=":{"valueMac":{"type":"Buffer","data":"+qE2GiSDv7mW8yxODPF3exM3n/P8Dnt+RQAA3tOLols="}},"qZWav6nF09YfkonIenjPnmzMKFbi5CfoU8J9WLWCx9A=":{"valueMac":{"type":"Buffer","data":"KbnSNOaGrlI7E5U1cY6+U2I8+vfR8l8xF+d8dhFljnY="}},"qsF4SFjl0vRs3cn/Ol5V8PzEWiI8lXcB7A/oMlKDLE8=":{"valueMac":{"type":"Buffer","data":"fwWfh/6YVDaVGtyE6epgcHHYvBZPyigLnh1AZ20JOVs="}},"q3KWhds7GIRJONAaHZdHeNPTIb+ahVzAr9Pf2gLfB5s=":{"valueMac":{"type":"Buffer","data":"wGg6S7+Miynuzj27NaAebptqcBjrOsXmq9/kWH4vflU="}},"rDwuH7gSKhSk0qIi5BVTbc+VtY0bmUhikWMlIvg1gog=":{"valueMac":{"type":"Buffer","data":"NujfPqoMM1Q2eay2eaGbwabEGJAfQCfKxK00tQyRNvA="}},"rG+nwFt6i0nC6h+b63NFgJjBPaerEFlcoTJtx6uD/ww=":{"valueMac":{"type":"Buffer","data":"FukCw2CgPTNOdXs8K3McAlOAhehDb+qKrN+XRw2ejQc="}},"rPYik9u6JOwMzhhArZGB67AdSwf/L/aZovCvin1my2c=":{"valueMac":{"type":"Buffer","data":"9M87c+ZN1/Cp+8cXq547EqfwHqiD3Wp+FGK1E+XFBWA="}},"rTkgSUq7dnRfN1EgAYE4/lKbH5fpHI7fWVE+fG77yNA=":{"valueMac":{"type":"Buffer","data":"TQbhyAb1O3rBD83HhBsvrAsX4zjZGTj2SKBXgaaAwQw="}},"rWaQE6LUlp2wV4nAdHvC5x9nCE0vxgTAO13l4Pesd1o=":{"valueMac":{"type":"Buffer","data":"oqvTfds3SJLWpERQpdvjwFcWBF+5zC54V+TItxLvm6s="}},"rYAgNLAfzQVSYmsnlC1bLsAi0UIJ+46pTu2fukw7few=":{"valueMac":{"type":"Buffer","data":"6iwsoxadoVuVaU338oeBsI7iSOWwV1sJiGaTX4IbU/A="}},"rwAHkhxm4bn2/J2M9R6vMH1PS+aNjAMAEgHifSBnlP4=":{"valueMac":{"type":"Buffer","data":"NylNxTIL7XfReOruKE/IXvIRcJgEzEVrm4ChV5Ti7Qg="}},"rx7ypvmiIgOmzqneYPVA7tcQTIjMQVN42g5SvmcXvYE=":{"valueMac":{"type":"Buffer","data":"gjreHAFRlWvj7smnNg1qTdU7eLuBlwE31aVcq+B8X7Y="}},"rznK62bq7iWbTEm8LpM6WTRaKa4ddAEj5B5EbbsFnOY=":{"valueMac":{"type":"Buffer","data":"aREtAHdP+OMCk4Zcl2+uwhOEe6/Zh9y3SnfUVhQrf4A="}},"r9qDtLYgBTtD73r2sFigL6eF1BkY1ha6kAEu2Vs8NMA=":{"valueMac":{"type":"Buffer","data":"ehRi5WIc5FNRut0gL0y//mSjE3QNj1X0pket9SFDOTk="}},"sBIwGTH+6AqSgngWPA7JeKh9SemPGRHbXh5E/UfUGJg=":{"valueMac":{"type":"Buffer","data":"3VKLqvGsx+DjFB1IesHW8S/som4IcMk5x6J+aDu2OLA="}},"sL/9pVuliEabMFOlc47nUBavm/9U7UEuNeBXqnJqa9c=":{"valueMac":{"type":"Buffer","data":"NjcuNWEajI8zgEIh22rXXGadc+WzxvYc3J+tXrQrYU4="}},"sS8tUpeDxIa/TX/4C/TvLgG3R96VWZ65hzOXrsvGD0I=":{"valueMac":{"type":"Buffer","data":"+iHhFvEUcDLbeQK7oMPFNrvjfjA9ejVugzJiODdRjfQ="}},"sTPHXHbM1uczRx6ixgfZcb6IGNbUUQYBgJ8/mFk/+1I=":{"valueMac":{"type":"Buffer","data":"QX+qTVXgfSkbkBt2MFvWZk970lqTQnNhoAJIMlA8m2o="}},"sxCi5e0UMr/FJ2WwqfIep4ihsHAHttM9AMYOywc0shM=":{"valueMac":{"type":"Buffer","data":"l0s61ruhj98tvpsIguL/vQKIqLti7liER2P1tK+wqDg="}},"s5vHhUDk3QCNL85WXzKn1jrNPzrWzrE2Cxfm4T7vWik=":{"valueMac":{"type":"Buffer","data":"GvKlE3TjDP1NlHIU0/P2ob/oAamDJRXhG4iXNrRgpYg="}},"tIONXNQNJjsbk//deHa4V58q2mUQcb+TZ2WJ9MDcabw=":{"valueMac":{"type":"Buffer","data":"4SOiu+Nkm6iBQ+7R0ct/K5bQ0EjOntkCo/nWcxFkR98="}},"tMhnXU2NSznG4s1IdaIxH4w2ZTqhTZAdPLtXWskCx+Y=":{"valueMac":{"type":"Buffer","data":"Ga4bmYiI48Y8i/9wDkW4RySRCitNmHJ7VkYJKTUbUqo="}},"tVS4S22lpOzGoptX3su1RlbB2Q261hYBGieaYUxtY5o=":{"valueMac":{"type":"Buffer","data":"njucOV5GLQEf6AX/4rhlyb13kxp8aRqcFW5PC55EVw0="}},"tl9YADwgKjwaoI+frAYCOeaaGrcK61B7baLO6JPWpmw=":{"valueMac":{"type":"Buffer","data":"YR1nN+Vr+91POlTCgA4KvwIr/hZoq2pKpUgtvbz8Evs="}},"t9lPOpNQjOEDRM6o423PBm5zBTFx16y7u0FcG4urXnU=":{"valueMac":{"type":"Buffer","data":"Qkn0gFDOVVOlzXYn3JsIHcTWU/rLeAOdqm4A61FjOIY="}},"uBnksoSFTmB7/1vmQGJe4T2rBKS9NY+nj2kAU/ggwB8=":{"valueMac":{"type":"Buffer","data":"bMOy8K9+xcvLpD1MmuoQP5OWxPnO0W9TpNws4e2DpRk="}},"uV8+mYnzoQ1cgf0JJtmnvV/lSFaHkB7ZUFrWDmtDbgM=":{"valueMac":{"type":"Buffer","data":"56ze2h7CWhycACXPraLEkooqE0MEA6B7X/Hbv9cvnw4="}},"uaT+4sRhIATqVDtJrnlNyFEmcn/lnMxEmWEM2+3Yfec=":{"valueMac":{"type":"Buffer","data":"R52/hrb5x25Nu2oxOUcGu8IAkenR5+txA7nWL4fKZLE="}},"uaZdBa4yrRbUWTkw8FMCniwsrbw7/JzMitHfeP0qFT4=":{"valueMac":{"type":"Buffer","data":"Cz3XJUBp6LFGd0prTz9gchbZnD5biNloeVXB3fRPNuA="}},"uanmr25hUFGUQwo55Da5JV0A58YVOdf/uNpGiGXJsYw=":{"valueMac":{"type":"Buffer","data":"jQaIKIbECflbwQN1DuXNOmmUWVm7xU+addl74pg9Cw0="}},"ugCmMMK7YpYcztSQUm3M60O7Ju4IaATG5eHXYk1c104=":{"valueMac":{"type":"Buffer","data":"/wKfIFjxIz3GlDv1uk7vdTHNSxYCsmyEvaxHVSyL7UQ="}},"ut4zRjKLLg4i0jqBN4KDHc9Aes1OVj2lpgQgNZTs6kw=":{"valueMac":{"type":"Buffer","data":"r8tMSvWY8dOgo9r4YSZHUiEKCDJK8cA2pJmUKuFQ4Bo="}},"vGazbBhHmDc7iDgDuHzEBqkJpTS5yTFYZ7Kr6w5JfhE=":{"valueMac":{"type":"Buffer","data":"1Dq7uPrbbvGg4ozttnVnxrsEcpHoZg5EDbEifIjfj8s="}},"vJ3u2zbWnto8pQhxVUKDy1p7AOfDEHCR8GVHhe+/r1c=":{"valueMac":{"type":"Buffer","data":"EzmiciZtDWNJ/v2Ct580CesFmqH8CkypQ2fQEJzZ3Nk="}},"vSeu4uvlseBLiPyQag2/QSDq2IbKzgacu0J2y/9TPaE=":{"valueMac":{"type":"Buffer","data":"DIts2Yq7kilUih3XtKUZ2jJu3zzLsUf7pcORTCIRHlQ="}},"vWOV2Bcahx5xGIf5akPRrQ/FfxmgZJrRhdahdjqVRgo=":{"valueMac":{"type":"Buffer","data":"Q+7SOwffk4D2fdrBPA6qm+on21UxDa9HDJ0EKxa8v2c="}},"vW/BAkanlBuHyoEidh8Dm5x0zB2p35bpN7CbAdBZSbg=":{"valueMac":{"type":"Buffer","data":"TqLNrmXM65OHdFqx4e3hSSqd1TqWJX8JXvKc6DMZ0Vs="}},"vZ7fuBp0Bk2Z+NA9JAu4vanRitfpRpnW3Nk+wj2Chpc=":{"valueMac":{"type":"Buffer","data":"5HwJ5PowQ4wASvEEfJgwOvkpgea5zBxj3B+qmuVlw04="}},"vaLS5rJT4XSwz9bJX8nel8E0fQ+I9uQqkgO9AFoRpa0=":{"valueMac":{"type":"Buffer","data":"RBPinGBtEkXHYofrOQBUSQqdo+W+PV1+Xe6EmfMi5oo="}},"vbAY9GX82YRSL93TfBruQBe5bJ0B9kNlYO4zzdPAcko=":{"valueMac":{"type":"Buffer","data":"mMDTGVqe/I7evbURtA4zrs8vMYqf9BR0/3Qmrjvdp2w="}},"ve2oYx/ygus84YFrYT8K29BrSmYEo7CnmbGut0OPfco=":{"valueMac":{"type":"Buffer","data":"1Vn2RWrN8WIajKPHikW4MhJbwGzaF76auQnQchNymPg="}},"vnSgfOpu7de1+u1/AvYMh6op/5HPdg/v8ZUYFNkrZDM=":{"valueMac":{"type":"Buffer","data":"SsvofXl4Cj7df3dcTy/E7XkkgXLLbeVzKoiV2WwZh2U="}},"vwjqKBkO5JhWx+3xXyHDA7U2ozlmrNt6B5rMA6dL7V0=":{"valueMac":{"type":"Buffer","data":"VMyxUcLrwlDKs6sSqdtyZR4hjTeHlOCocanMnlL6DlY="}},"v8jQK8bPEyn/ippFkTkW5Dv+HJaqux5TSJGz8VCAWsw=":{"valueMac":{"type":"Buffer","data":"DVBLeZc6k3eaalGAL7xNhu7Uh+s+sIwLyA7EjCK93dE="}},"v+DstaWLuazp3lVNFWQHooRzumPMsWg+RJ3S9qSJHpM=":{"valueMac":{"type":"Buffer","data":"QjROPvYWPgYgAnvRhIy1fEg+HxaiyeoGz6yFoBkMGGc="}},"wOKyb+3pWXxmnr7JDNr3gIFIHqSxQcoCbrc6FI/P/xI=":{"valueMac":{"type":"Buffer","data":"CDikHBk+ut0XKQDle316dYso7B+FgE/hxoDlgU2TTV0="}},"wO+L9MiRWVNsfAq3l9si9RCcEIHvsQ9K2rSiZVRfKDA=":{"valueMac":{"type":"Buffer","data":"+dc8ioIapiyJAbXAQIrLe3KX8DHHgzPi3cpvrJRDe6E="}},"wTyVOguuMh6qE+PlYgPkyWuGzSmxmRgsVlbA+UuScIs=":{"valueMac":{"type":"Buffer","data":"bvq/MF88qdvQJLwFuDehAerdbdhVVH+RO02+yEIIeQ4="}},"wZjPkq2cOJ7RYkccZO3zM+1G3vdKW1wyOuVm0uRRlA0=":{"valueMac":{"type":"Buffer","data":"Wc+K+4wer7hvqjxqJJTmqi8He0rpcEATP8ROBdM+rBc="}},"wZ14zqj4OJhYFoY3RuHXNIqurNpBq1RGOk56Q6jIKic=":{"valueMac":{"type":"Buffer","data":"WxZDTCztYq4Hp7JPG+n4ZWh+vk/qnjN6gZFWbV8cZ+A="}},"we3SEfZ6ciGsZc+ox+AwskLK1Xr7PaNOHMV5Vsm1rpA=":{"valueMac":{"type":"Buffer","data":"BNe+VWCAZdpPgBpfJ22rUVR1O5468l8RrbNmYwfYkAo="}},"we+Wysd4hBBDJIXi1kgF5Ju/omstuc9npZ36VqdIjV4=":{"valueMac":{"type":"Buffer","data":"euHCAE5IxjA0voFh/rcjfAFwTIcrMRqxai7GWBBYLvE="}},"wh/5Haw10MK1aQiUry66PF3Ncpn6pAAhc8TmVNmCSqk=":{"valueMac":{"type":"Buffer","data":"9p2PR6SLnwH21ECnNP8JecL7ll3cbuL59Rxyh/PO7ZA="}},"wo0UlAuWQbV8QkvlRGd7tkEiNRUst65jfqQWzD0xN9w=":{"valueMac":{"type":"Buffer","data":"VCn0gfeopzs/X3DljHtbn/yJSmmvcY+ALSOYBTM3ae0="}},"w4N9wmZfTWnZGxjIO94R0QNkizlc+rfxhh7LWDvVjak=":{"valueMac":{"type":"Buffer","data":"VS1ldZYk0uG2LXIz9O6Kombq4CsUWo/U5Jrs6NFh6K4="}},"xIg3uLSL8QSOBP0+AnK+X44Li5RcnUaulIhXnVQZVC8=":{"valueMac":{"type":"Buffer","data":"OmBen98zTfPZYo+cBOTaxImdIiRhuwdyD+f6jSFs5C0="}},"xTRjpNfsLwhKEE6V2KQvAVX62WX+gBYOYWlIk6G+fqw=":{"valueMac":{"type":"Buffer","data":"mPmL8o4S2W+1J2L6NznM2UVI0fVDieeujFtw+xvX/ak="}},"xX5RymX3b6hX8TEbWXi+Hxw5SzjaPOENLoRrJ6+b80s=":{"valueMac":{"type":"Buffer","data":"08XrRwEnqD8lU7xZKcNOlHula0pKBdHlt39ewPpCXrM="}},"xYLPC90yD3KK5RpH9FRcFh1vl7DVfp7LUxEoRuD7srM=":{"valueMac":{"type":"Buffer","data":"7Eua6B2KXHWTU1oGRmhytIfqWtVIBKu3n1r+t5ZDaJ8="}},"xncq7h9WhrKp6rmOeUM/KDue8FRMK+ch06sZdNJoq5Q=":{"valueMac":{"type":"Buffer","data":"d3+PVsrAs9MCgy4k3v30FYZXoYjjRvHwr5sU3WHQuvI="}},"xtBL96/Qo2upUUgQbo/P5YawAzE0SVd8X32Yy7xuU8A=":{"valueMac":{"type":"Buffer","data":"TZ5h7LLSarRftqg/25zWeJBWCyz0Il6W1ylFI1bE0Qk="}},"xwlLX1d5H+TZLw5Lc/I6v3GBAg3XOQS3Lr4Ej/KsuPo=":{"valueMac":{"type":"Buffer","data":"C64de/JAVlcCd7NXSQD6ChLa8t0ntelPu8rc3So067M="}},"yBcpjUh0k20A1/1gA18H4FCOuCNxONUmeSuNAckalbs=":{"valueMac":{"type":"Buffer","data":"uuJMwCdXmVbTcKTq47L/AbrcgcGjpcog3CUUAwQDZLc="}},"yBn8LpPO2cUwE6cCCU+t/1drMExdPqYkzCzEiMtGGWY=":{"valueMac":{"type":"Buffer","data":"Yho5beeObWtAT3dmsRTjE7IQsZsjGKVQ+VPKWprszag="}},"yIUaOfe+dppqW+JX2iS10KRHJuAn8geJeBqtjaT8SIU=":{"valueMac":{"type":"Buffer","data":"K37sh3QiW8vkQUgWtIwaxwFag073/1PSzf0BNV4CeUk="}},"yLh3+YIpzFqRuvsz8PAP4NWPw0pJ2syOjlvTXHpij2A=":{"valueMac":{"type":"Buffer","data":"gJC/A7mx8UYxC1D/PKUOlZpT9mt+PxNjk2dUpnH5llM="}},"yPUKxxOj+IClo9G190IPYpF9U4HH4xtnDzFbVf1S1lM=":{"valueMac":{"type":"Buffer","data":"BsD9zAJqneMHNPbkup1M82h/jgR4ROKtl4CW070mLQI="}},"yai9StnBJTG9RAcmiO72lBtS0WQiTviLsWYWLdIa7yg=":{"valueMac":{"type":"Buffer","data":"dIMtT1GLwV5iUd3lgP1KXLYprpY3T2dLO20cOnpcM7c="}},"yjEUnIycz/Ax1p8egLzr7ykSq0y3GhwjXK5Rms0FMSQ=":{"valueMac":{"type":"Buffer","data":"MER29TS5kjafBkd8Xl9/rn8KgNGdjxyOcxK12QLLD2k="}},"ymvNQ/DQ9IbAi+XOosrp0qlH7A8p3IYLkLRoPnmO30k=":{"valueMac":{"type":"Buffer","data":"+bxBupwjQYqveodwKd7OR1k5Drkhf0zqL2mjr0GFp64="}},"yrLqSoSw+uG0fhUBOz9HwIyAnK5vzWnMeEqW5x9QpTY=":{"valueMac":{"type":"Buffer","data":"kBxj8y7/Cfvcrccy4bCUUfS48nVPOjOvjKFc2vZqBTw="}},"yu0DqzG9giSm/9ZYjgosDMAtvGd6zF/mFxDgG8E9NNo=":{"valueMac":{"type":"Buffer","data":"Ln0SsE5zOCltLGJM2iXdFn/3iDK7TB4sjmWAWb1ieX4="}},"y0/BBjNARAUT9COi7j2tut8Gvjjyh5ocBvpMAtCa6k4=":{"valueMac":{"type":"Buffer","data":"IjAhS68ikj5NTc9ANBvSA5+tTJLjmYVskeE947QcOJ0="}},"y5WyKQ2gi0UPKi4Wf6hESpbbODrx6lsf57geY2UU1lU=":{"valueMac":{"type":"Buffer","data":"ZMq4mXWPeSG7IrednZY/8ftnshlEOVSgKDl5SgUqFec="}},"y9YNZM1o+c4YAFdS7uKwhcJhys2tabVwXVFJhpfI+dw=":{"valueMac":{"type":"Buffer","data":"6Qzu1LzEARtBI2ryHs+7E3VL1XfMhteffydmV8TXHwo="}},"zAWO1F/Aran7pJb+CDqGjeJyRMCmj388CyXwDZfHkTI=":{"valueMac":{"type":"Buffer","data":"bDhuCptaz9k90FEUGVmGEsfZq2Dr12uFGDnQNqA3u9Q="}},"zGQ5hAW4O668rZ6w1CDEizi8zS4HoVdYozlbsK4pLFw=":{"valueMac":{"type":"Buffer","data":"sFbLhKuVKQWIbelNT+hDNzHy8rXG6Wo2MtHC/FnLbOE="}},"zXjRxLFiy8o/0EeAqGVSMc2ARAgm3XI/TVRRwpnKqLg=":{"valueMac":{"type":"Buffer","data":"GKB9ya4SB1uq8kBIVgjGlenQoIi1T9Y/Izo+rShW+Tc="}},"zgU5gTtEDwMA9pzFTUUnHrErlLBMpoP9FqxUGuuCR5Y=":{"valueMac":{"type":"Buffer","data":"4rRwYbXUiFEBYBt93ijmwSKOK1mp7KBFSd7ih3cuDRc="}},"zhT1gJmTXyg/4gqDb8x1JXGf1tBB/7twidXNHFnWiNM=":{"valueMac":{"type":"Buffer","data":"NT6+SjaaYcukqhN/Y0SErBUjfD1Z4wUo84GFXFfC12Q="}},"zkhb83pie5fbOf6p3Ek5GgvKCV/E1vIQtI8gSJO4rpo=":{"valueMac":{"type":"Buffer","data":"GZsxDb56J0YJvwalKtShL9Q/tb1MGhpzmyQLu4zt8/M="}},"zlHsasAdubXZ9KP8X40oFtPKw6fFmCSdSavk0ZMutTI=":{"valueMac":{"type":"Buffer","data":"h4rJKru1z/vlaKOlj8dSYL0sqEFO53FzxjGp3ieaq4E="}},"z1h00wpRVpGsc1jvaTX/L++4wAhXjqXQVWgQrgiVXuE=":{"valueMac":{"type":"Buffer","data":"0/tj3LbZ/OeUviwZgSlGCFOQoWMHhUAj+oWs5gUxbq8="}},"0CdrsK5Q3exbJkiPkSt3IGegFt8hIAxnkzf0cm3+bKk=":{"valueMac":{"type":"Buffer","data":"/ogKAXp6bbt8Ksz3A3zfRLKHyuOoIejAfQk1ypGGA8I="}},"0DDkLJpTzK+IzH/QUIAJ1jHMm/HKdjrgkdBiUGeaVeg=":{"valueMac":{"type":"Buffer","data":"EZnKGOib6Q8XSRXYXVso2rh8Zfq7SsKCjs0XStftuxI="}},"0GXOuwO+NtF87D5gCHKkmM9DdBtrJzuK1MxHLJ26EOM=":{"valueMac":{"type":"Buffer","data":"8oXuZzrSqhP1Nvb1sWB08O70PrOmPji69KKyGrc7U1Y="}},"0GbgBG0lN6Htjb/1jc6BWlpUtSvT3trAktxMHlfnfek=":{"valueMac":{"type":"Buffer","data":"eDNL5mMipx6dm4j+PqKytZ35/qKs5k75Y+Hxek+Kp2M="}},"0QKdipohJyuUuDl3waHQncB4k3sheKTaHIJXCZlzryk=":{"valueMac":{"type":"Buffer","data":"TDr0BKifOahrUjfDZtbYVCMtUpvk1sAzSkKylaKXrLc="}},"0Z0bAVr2G8YU7dR0tSwcU+EXrwg4XZLOGLnX35NUtqM=":{"valueMac":{"type":"Buffer","data":"V3XqSn8OrU7vAfZLBpJwK0C9B/X06ELJHzsZ0/S13l8="}},"0aZpkXeINrpKokxNxLPMyN1EVgximICH80NlWxaBi+U=":{"valueMac":{"type":"Buffer","data":"9jc5rQwPPaBfXQJ/RljSncUnmmbVrwYIZQE+innamxQ="}},"0eBhNu8tH4hl9NeVrAQako2nyZcY3qZGQwk5LcEKuS4=":{"valueMac":{"type":"Buffer","data":"bzAb5UccoQ2q7TvJhu49T4dhCKt1b1oLpvsLoBaEgec="}},"0i0QV1OCcwCxnBF72W0a7twPtNrPPN9M9+LpYuI/wMU=":{"valueMac":{"type":"Buffer","data":"ZFprA9LN3yAnhGI8fK5auVjySSO4ClsyKclKrBVNkZ4="}},"0jbOUMqI9qlXKWVelRlWL7pZWL8hWQXfGQ52kY6DRiU=":{"valueMac":{"type":"Buffer","data":"yE3zXPmIz9Hf3dIpRwWWM5OXq6uVNdvcGi1B9MUckYQ="}},"0lu2/toWVncM/XFJHz8kA3wCsQyG0W3Q9QvgCgxR/i4=":{"valueMac":{"type":"Buffer","data":"P9TevpNyVM3mGRyGK+Yy3z6NNc4lHU8QXZNMRQ6JkVU="}},"0uGz7OK7FcUicApAqUqPOs5bjoZPe0qyjtfyXNijDkg=":{"valueMac":{"type":"Buffer","data":"ewEHK8CQYdkssOwh5EtOpDBZqkuDDmVxa6WKX6j+aQc="}},"0wXFeuG8XBzZgfrERwfB/4pXjoFePGPMpkyTqPiaRCk=":{"valueMac":{"type":"Buffer","data":"Y87ef666/OmLzYVBl8G9F6ov5p11Dnx6KdVOCHym3JE="}},"0wk/E0+YhXuvQKpc6WDD6OHKDsN48LAm8R16gfLwuQw=":{"valueMac":{"type":"Buffer","data":"ITTED5FTXRVcQOKSnMcUBgsH0qf/F8k2FikLPf54rT8="}},"0xMKgMVgjkAKVeobjamDcbWSHvY/PCcClAw+MMMsNrs=":{"valueMac":{"type":"Buffer","data":"T53nr4HpGxgmMgxix4fnIXvaf9N3Fad2fS8pJkocjIM="}},"01VRy93spJtS5qozq6boA+h6wUGe2x/DTG/x8KcTads=":{"valueMac":{"type":"Buffer","data":"QVL90l369lU51ue/fzU7gAZCCd6Ix7vIsEveR6DPm18="}},"04XTOMYz233dWXH9/U63sahn43YeBMrsHgB4kPMztMA=":{"valueMac":{"type":"Buffer","data":"wcNteePDWwJ1elh/Zo1WkzlZQx8Xvq63Qjx3gWaCCFE="}},"067B+Z/fZPZraqmaXqzE7ittVN84W4XHxp1E8dDLVrA=":{"valueMac":{"type":"Buffer","data":"oweVRwDmH2owRpWXqzGrIMipxlYOaMVkBuxiyU324fM="}},"0+qZY9X0FlXAf1PQr/yHQmc0AF3o/EqCtkJer7tk3nE=":{"valueMac":{"type":"Buffer","data":"CG7+evWtOAs1D6Bu5abCB1e3N/sPt7Re4slli4StC+U="}},"1B1lmHodSdne3PcY8yqrwZtKK5ND8UFPKXqsFhjqbjQ=":{"valueMac":{"type":"Buffer","data":"OrD+8nS+luvcAm5NWmzS2nXZYHVm0b8533S6IXjd4Yo="}},"1Fnir3+qwhHiCzIHnpD3zYl91SbcXIsMMkwAYDoauY4=":{"valueMac":{"type":"Buffer","data":"EBgeY02vy/rr92C46Onyhc3Lms7FuO/MqJOvuJMhP3g="}},"1HLADIixPPD0HzRjq4KPIt2hq23+zTI/uW9r+Fy1pLA=":{"valueMac":{"type":"Buffer","data":"+CV99IRwribGyrgaDvTTO5IFBswSzcvavKzo0eGKIv0="}},"1JtzZq+SCcvw1wJTSSjTwrx5J3mb6yujkfwCmPFnZ1c=":{"valueMac":{"type":"Buffer","data":"KztNiXSSk02AFGQEA9EDt/3Z/5R+BFr7abDWiK/Y2VU="}},"1Njk31rJXPmSdYRhi4s7Q8doPeMb2WUF4shu89RyFWY=":{"valueMac":{"type":"Buffer","data":"lZJ8lrX9jJCyLrU75p58q53JooY/aVnOThJt+UFHIf4="}},"1Nk0ggWCUhiqsfwy9UURNFGFP9O554ZAy3B4+2tA0tg=":{"valueMac":{"type":"Buffer","data":"7myR702m6rhgzO6dkKY/sCM/McFtBZ4HPZBAKsJT1jk="}},"1phXGWQGUep7cBKgslTonQ+MitD5CiPrnR05jSOCi1c=":{"valueMac":{"type":"Buffer","data":"EL9MNUhIZ5TZvxumGb26OOebCBJWYnP7FzsQx5CAkgo="}},"1vPjpjYzKyCpsYovtgKUJA2tV8KoAZc7dv+2CNPe1Sk=":{"valueMac":{"type":"Buffer","data":"k8901nXs55kbrNB4dSLPovQuPtubxVGV/0OxE2keMfg="}},"15cblI2tdvLGwAY2GjliDHsM2lH+SOc6uDqlQf/wGSQ=":{"valueMac":{"type":"Buffer","data":"lsCNV/K4Nkw+FBlCYD+71F8iSGkwEQwXmOKsJQXkdis="}},"15+gIMwqgBrbkfkdKSV7k6RPyGTZGNyeN3eZvoACKAs=":{"valueMac":{"type":"Buffer","data":"bFn24GiaNcU1iMyhwbNwNL7EZeg+aHFUuWLmbMNn4+M="}},"2UFW79fcjxtdZpLhLLh+XegynXw8aLIDiDcUIg7lELE=":{"valueMac":{"type":"Buffer","data":"PNy05RWFgaVvnN7kVfbV9cG+xHZq/sSXDsmX2l13Rlo="}},"2ladgQk1l6TqZgjh60mM4MW0XM/8PkFJkaKLtcDuWIM=":{"valueMac":{"type":"Buffer","data":"i1MCZNX7VQ2+tQXDZovgbkh98qaRTyzepZACU0MuOik="}},"3Ahjag2sD+zBaiUEa7/U9eits3vIYXyQh+Qx1hd3MAo=":{"valueMac":{"type":"Buffer","data":"e2tvimJS0zC6XLpUBs3qsxDZbPBXFr6rNEBpiMOTnh8="}},"3EZr4JRBpVcz+YAWdHddElhqN5onvl+NxK/zCPnZWQM=":{"valueMac":{"type":"Buffer","data":"Rrmf7AuqHlI4e4hkjLx9rEzeU6PQaZXyYVif+348Tyk="}},"3KjnaDYCVY65c8D4dxeDYuVkpDrks6wknf9Fl6EIZpo=":{"valueMac":{"type":"Buffer","data":"1fhKPKOfGVL0kOtMOdYJhG6SrhdkJq1HmwUWrAHrV04="}},"3MmCzs4GJw3+HU1HP6F+GMZc8S14hg3jxcmofyFR9dA=":{"valueMac":{"type":"Buffer","data":"eAqMjpm3wwX2UK5C2/nmlAPmLogi46KihWGymhaEquU="}},"3OIG2HjKM0NLZ9K/m3kZZ1Uq/EWL2XYQiiovqJP9x/M=":{"valueMac":{"type":"Buffer","data":"EYYlTICz4whcpHTK1aYG76YcrE24fj3z0EZ3/OrOHYY="}},"3PPTGChW5JOq53sy4XtFqDQ8REfdy3sfBhxdmsYWKQY=":{"valueMac":{"type":"Buffer","data":"Iu63PVoVV8ZWR+FnN0ns6Gdh3XecX3noIGAdyQMBolQ="}},"3aiM+e8B2MlqX7LeMjEA12TWyfeX6MPyqwzJr+HFOhM=":{"valueMac":{"type":"Buffer","data":"Sg38HmmpVQDD//7NupcA+F6LRHGSbsBvNTxmZz1Fw/E="}},"3bVtsAhJQfVVg2fJUXvw0KXdNuZALs39/jPQpKEJ/EE=":{"valueMac":{"type":"Buffer","data":"Uq6RI9Iao1Jfv9aua3EAZ5SMSBZjGu0Yb4gxBfdwyHM="}},"3jjnjwj8GyFWY9qfQWBtM7zHpdGYAFOKqt1QPLgydrI=":{"valueMac":{"type":"Buffer","data":"VK62sXj0k6m25837V+rOG5iieRR8LGxacaHaMZB5Mbw="}},"3q6aHnhWI9tdZ91MPqoFEOLsYKRhrcx1NSRUYiJgdx0=":{"valueMac":{"type":"Buffer","data":"T7rDhz61K2HhB1yBE6I9vCNe1HQChd9oVbWNBvxDfyM="}},"3xwkMDOqZB3J0nG3Qf6Elf1q/ynPDOEK9kV2RLrMbHQ=":{"valueMac":{"type":"Buffer","data":"2hC9zkU7fcARosBCFLxIeDRqswZsq9suqFTTQonAkzI="}},"36FDsXMwQ8TBBhSb2KJPMCot0gdW2Y9niv4fjIzzNBE=":{"valueMac":{"type":"Buffer","data":"hUXmLHcJN9LOBKssxadyjOozcjaPFY07VmQk+lETYBM="}},"3/XXLNu2Hgby4Qmh+Uc3JZyR55O7Ga8rg2H9s7U7sw0=":{"valueMac":{"type":"Buffer","data":"LTrn2xhicv1VYdeWA0k9aMQSqre8U/usCqoGuH6bKGU="}},"4LWa+PkCPEQZBjvL7UWop+8P4SCRCmS2lvFEUJw37+0=":{"valueMac":{"type":"Buffer","data":"Uemn32AyYZU5Y+jKIKs9zAytm89SsNIa2prOlDcR8vA="}},"4MIShY1h8LSKqpsMiflBwiwlUKzEIgd6o0Oi8sMuL7Q=":{"valueMac":{"type":"Buffer","data":"SUdCxequ4/fIDZt+JuV8dezAOnYcz/YY6Ut4lMlkpI8="}},"4SkmqxrsBbgwR48EELODqqqLC3tEPpXKxDSFPtqS8a8=":{"valueMac":{"type":"Buffer","data":"EibM+SmZ8FssQOdEwtdfBBrNccHzj+pCUgRqKB5FiUM="}},"4VpHDex77mO/lsQVWTCgtjWxpt/hbHowZ68DAeiaR/g=":{"valueMac":{"type":"Buffer","data":"+eO7MMGBlP4XG6EfxNlsoE9RhbIhAi2XXdDvPAIoCXQ="}},"4es1rTV7AoNwS1VHDjAf4YO1QZJtATOwoP5CoSzWhz0=":{"valueMac":{"type":"Buffer","data":"dL3Wx4Fkchm8LwD6rIsnzm4gffcsm3CI/j+nQM1afMQ="}},"4iRXLSHdV2WqQWaMTCSzQamO/3aasc0XPeaI58ebWPk=":{"valueMac":{"type":"Buffer","data":"7lqJZ1RpNHb0chiDLDCXJOz0JdfKeyIYLk4RwMfupJ8="}},"4mzTKphfNpY/g6VFGMwIywc46R9SiluRC3M0byPc9jA=":{"valueMac":{"type":"Buffer","data":"b3nPoom5BGitWs90/cA0dskP+GDwwZPsWQvZh6LZW9c="}},"4o/5te7OTVzcipUuOPmzK3Z+4Z5vabR/ZYFyO1GTkL0=":{"valueMac":{"type":"Buffer","data":"H+D2CesvaNaV99mH6lVUrR/Loj2j6rkaopueigZL93I="}},"4tE2DjE1vE48eIiWcLHqAOpAtOg7emCUeU8jRTVY0XY=":{"valueMac":{"type":"Buffer","data":"zYMLALPQPiKXiWUHEeBQuNfkJloHeeTKepq15URhv8I="}},"4uVUOuTJGLGob7tzGdYFuf6KaFtgEXo3LJrzLKtA3A8=":{"valueMac":{"type":"Buffer","data":"4XouDsFgtqMseNDc/4AXA7z7xWnhGHH2C+7zQxcitzY="}},"5DnaKWuCg/eQN1wT6RIFrPwxTjTbX/vumFNOx6juHQw=":{"valueMac":{"type":"Buffer","data":"wVfAt4H8catgM3/hDCTXdGvGpFyPpfwGDm4+HRgfPQU="}},"5OUON2a1llPg2Ha3EDczpWdKWpR/xYT8dOMWMPVbUKY=":{"valueMac":{"type":"Buffer","data":"cl0qMhkV2p8692PSpgx7vvqjxGGFazm+Z27H65f26+U="}},"5PABtcf1AMdNACYtfg88I+eZPfrHnj9bm0eiEaPf+iM=":{"valueMac":{"type":"Buffer","data":"s06bm60wU9zlHq/BGPuMH3vV6GW9cZ420RygGaw3Kr0="}},"5PPA79CC5DwbB2wKAsJhvGrLasQm9+2mELk8Lg+h6g8=":{"valueMac":{"type":"Buffer","data":"4HE7szaLjDSxAQNs27j3fkLYQ3pTAMAoRG1oPu7Fl+k="}},"5PTlR0JplK+zahWnB1mlUZll3N+NJE3nfmIh73qFeLU=":{"valueMac":{"type":"Buffer","data":"sgs09VfZym4xIqM9k+Cc6ee6K/It76jmNukm3/vzl9w="}},"5bbim2PqE1pxOaJ3f2NKDQJ3jZppBxymxf6bYu859w4=":{"valueMac":{"type":"Buffer","data":"oL4rFgreLRiG4eZszisvodJXQluQS4jT+kaGvDbJP0E="}},"5h+gF5bBpqEiBJ1tyl6ymC16vQrJwhl2Zk5PWC2IeeE=":{"valueMac":{"type":"Buffer","data":"bk3sgv1RS56yPQsmJAKt0/RtOH1fj6xHwb6OpzZzHL8="}},"5jp+66AvlR7UfJnbBnhvqgs81kqQCVQmIAFjo7YVpDk=":{"valueMac":{"type":"Buffer","data":"QevUM2qSXdYwl9ps8pO6hrQpodVi65j+eT1pbYWR/1g="}},"50WNIkVaG0J5TJvxrXADuGSuzhb4OcOd0qLo2CByuOg=":{"valueMac":{"type":"Buffer","data":"WsBkITVERnMnBvnUJ/ff+afOMVvGmw+MvCc46qCsg7s="}},"56mI3w5GnttjFbwaTVN660PmLS1vWhPOIkDzVJjpj5U=":{"valueMac":{"type":"Buffer","data":"FtGD1NB41TtPclclp0aW98F4S9zZ1wnPHt08vLeEcVU="}},"56u5SET3GGCQzU7zgMaR+CpGFTscONJ1jiC0No0vByM=":{"valueMac":{"type":"Buffer","data":"fRK+oWX5Cb8wPOhXB/ZTyatKkM59jXwJTMY/3OaklH0="}},"6L5CY7MZDwmFhWl+hY3aBPQONz25kydgE1IGpY6gxpw=":{"valueMac":{"type":"Buffer","data":"TYbwshS4AsSfBfK8TAl75AemxiBzD5OYm+4CSlJoRpE="}},"6UG+GJzDtNVdXKDUCgEVyW1CLC2XOjgnkWaVYeJCjk8=":{"valueMac":{"type":"Buffer","data":"Yu5FNX4HvK4z/9JSgIco+PfOK5ulfinnr9Klg2IFlfA="}},"6eCaPyFAjgNswwQQB3lnK/bzFPuBqSQDGVhkf17diRk=":{"valueMac":{"type":"Buffer","data":"mz2uQO1TGEy91IYc2aegeVKQttHuBVHIl7A6Yp9FUEg="}},"6oUVgTvs5iMQ+hBdYUo7/g3Rz/DEXf/cMHiFNZQT0QY=":{"valueMac":{"type":"Buffer","data":"WitXHFfLvpD7+xy3TJsGmfiyJRhHWy0wUjp1KLyo/Qc="}},"6s5qfr+XfC1nKG/XmC7bMgiPgyDQgI9bFb7TgaTibw4=":{"valueMac":{"type":"Buffer","data":"9pjETmP9jrwzkyR9tep+7duUYa2YpuVQ4C9p4aywV28="}},"6zJtLICJnMLIVowUObagyF1JSxL2icZ7mMudxD5SdaE=":{"valueMac":{"type":"Buffer","data":"mwvlt86J+jZWP22ti33Ugusq5Co6eTiLJDFAhIVKsEE="}},"61xvDWp6gRchrkRX7l7gLPeBjatdfjP7g3vnvB0pZds=":{"valueMac":{"type":"Buffer","data":"EKlEx2Rllo/ku+podcEPUSzF9qDb5EZwCD3nL6LtwX4="}},"65Pl22EV6n9rEVCfU7MybkTC5CtRadfOFZvUF+cm7ZU=":{"valueMac":{"type":"Buffer","data":"JntC8d0RViObdccNchFKKeuOy79PhfRrgIoOIyxzLdI="}},"7D3nM2jJyyBGXF7EbUltqhig5GAw2zWc1Ysw1PMrwh8=":{"valueMac":{"type":"Buffer","data":"Pw+IErP1vvdc2ATUM+gNTeV/7Zctxw/3g95JYyKUvLU="}},"7TsZWNM9qgutF0aUcHdnBo12T6o7pa9RpXd5l86zkQU=":{"valueMac":{"type":"Buffer","data":"NN9Jv2ER8WWKD4dCdaFjBWuBCcBdwE4xmGRHACzFzY8="}},"7VDrCaKmS8PTKYmihNvE7CpydshoakDogZZz2PSiing=":{"valueMac":{"type":"Buffer","data":"oyk7xl3GxkR/QMX+ob2IIPgIDy1BN6mHv19ROpvlMz4="}},"7W53v/SLBcWxPcFroo6hl6lR8XbtKkyfxkmgTkmjJ/g=":{"valueMac":{"type":"Buffer","data":"mbtGzgc99iFdls8cWZCcuaXtT2ifpfqqssKcoHS6NYw="}},"7aMk+Ep9PThirmyWNrAPa8Bv8XB5caYx0ZPgT/OzLaA=":{"valueMac":{"type":"Buffer","data":"1MpjqXo0dLqz97RoyPqxMKqyd7ByOCrb1yaQfi0Z13E="}},"7ckySth1N1xSfduvmKh0zrfqNGiDnQrLERwAgM7tbSg=":{"valueMac":{"type":"Buffer","data":"hkmLZF8k03Cd+x8QvaHPSQol9PBaN3rW//tJXrWi6b0="}},"7etl0EdL1VWrmnGrdB5xjcLZDn7Olv8/Eh4YJngxih0=":{"valueMac":{"type":"Buffer","data":"7YY8OEMAyaqByz+Exs8Zq2jgYEZgNh0C7T7vcanaotY="}},"7fBEO31NMvZb4NNevFvrwPKkM333QdJJwMI3QxA7WKU=":{"valueMac":{"type":"Buffer","data":"oFpvp0XmZkdpQwegDjEDC6n/Dq8DV0luzB4+8Nlu5kA="}},"7gULQ9bff5DvtYyIlY1hlphVABZvA6qfktA3NpqSGVo=":{"valueMac":{"type":"Buffer","data":"/yIwj7iQ6G6Bu79z0HWxWYBcQaTYEF8Lze/NJj06vB8="}},"7oOVXFgSouvUxUYyWBUtntiHFYCHuyoHc/KMSok37wQ=":{"valueMac":{"type":"Buffer","data":"A3bwfQmOdrTyfE635a5/VTl7fWaniDEwv7/Z9FKyjX4="}},"7zMjPL/PIe5lFw+tz+re6BOD0M7fsJhQhj1rFVK9dZs=":{"valueMac":{"type":"Buffer","data":"kMTpDhgNPUPYNRQrFZrEsLB1714fLMC6eTmslhwP8lo="}},"72z19AtHLNVpDsQNjlTT+ALWUxzxXv8sjePSdjJmRTA=":{"valueMac":{"type":"Buffer","data":"pQG7Nbch8Y0F321ino7YGCYqf4jh2ZcwWZS3dKNLrXU="}},"73On+BUvhoAbu8UwsbHXinTnNPpOszv33WlQdGuu7v8=":{"valueMac":{"type":"Buffer","data":"gCO5R6wXxHgwUjy/ihHa1tip3S+xdNBXyTrUIpGncl4="}},"78cfhEITaKKxtvBr9ZxDZnMdS9DHn6VBSG9M7Ub1bLQ=":{"valueMac":{"type":"Buffer","data":"btdXo+lJB/VH2RY9pfdpehT2XnEN36d7OqsuI6DPoaI="}},"79Bs0hJINDl+D/SknIzkfOSzW0sLK3H8zQXS3swG+vs=":{"valueMac":{"type":"Buffer","data":"6xVWRZWZToxFFWW+LEAhAIy9wjQvwJAK754fspWye5E="}},"7/8hJ3e5lbLe8gNzMusuwJFeJGpQq6JQzWK74TWzuss=":{"valueMac":{"type":"Buffer","data":"ab1qVjLRj8UC16cKLU+tr5pLdtcM79Y/yFUQjjl6Zp0="}},"8DE5wUJlsA4y+xkfPu0VVgRG9VWVcY7gGegoKiI4rxY=":{"valueMac":{"type":"Buffer","data":"bCBuQZRYztWyKnmErIxo9YaWVYw3mYf9h9wOhgoW8Ks="}},"8DwdxPjsasetrzQIl0jybz0Z8YIskWEVKzk4r2jEns0=":{"valueMac":{"type":"Buffer","data":"WXCTYwdMf6pCSvg4RMvQ1T2Yf146MmZNGHjHYhTpM9A="}},"8F5VJIZIl+TDy/m6q7qrFD2+vMXG5ChkiCh8XGgM9X8=":{"valueMac":{"type":"Buffer","data":"XG8ARWPTfde9mUz4yqTa7/jXsjZcvqeL5G2D0o6rGaM="}},"8QXB1lI0+ByvXWO0iLRv+DhW49SPKEEyUi2MJ7SunAM=":{"valueMac":{"type":"Buffer","data":"hBs7r0/3Q/KfJBT+SrqeVSdqzkDkxxdzVkkB0kvY61o="}},"8SfiUMcppGjKacburDL8BaRpc/1b5QgD4R/tpDSIruw=":{"valueMac":{"type":"Buffer","data":"8StgvzCWb3dKpkHRCoGn1sV8VaiYXDyMK12bD1CsHYc="}},"8YRB9t/wP5xi71xJb2R0TCONr6wG2QGnLZgkjp9+1SI=":{"valueMac":{"type":"Buffer","data":"yCT2j6PfVs80fyQyiobBeVfHfPptZYc8DEpiP2Ttre4="}},"8lyxdu3SDxYcR8BVn7Yp9esIPJlfRzuOwv0ADaQUQvc=":{"valueMac":{"type":"Buffer","data":"ie5ztuPpknhlJUnZ7RkrNgd2An9F5uHeaP01uVaUu/w="}},"8nksO8Fk93M2wZIzV8tSlFaZQ9BWz9U2HVlZKeNPKKs=":{"valueMac":{"type":"Buffer","data":"52ugH6FeB1HGZNq1IQS7jc5BvRs1ni9XgtROhuUL+i8="}},"8pGnl8V4DZctx6g2Em2b/BYcgL6gwb9SOSG1fNKLtDM=":{"valueMac":{"type":"Buffer","data":"RKJmCAdm1lDeiEsusCIrVV+yyODBktfjIiavDnHLeD0="}},"8ySVuxJXYrl74E6kgIV0bKFzUycW5r569g/P66ARdxI=":{"valueMac":{"type":"Buffer","data":"M+zwqfOS0dyCwlynrAn8LSlhSJkBYLRJdB26L9oZjjU="}},"8yanT67wsn6Ol2WApRRW4mw2TRcTOsPspNIY2C44DuM=":{"valueMac":{"type":"Buffer","data":"Mq/UAcylQG9uOyh1CUYYfaZYB1Ew5HddFb98iZcGUto="}},"84V0rDNHxJSNPmXN0ey0k3BLi3q/Ym2RxWtR4ivCirw=":{"valueMac":{"type":"Buffer","data":"8gV1xZhTpj33FTTFz1kBAwVXZHcplJVmyZxuL8b5ltc="}},"84fSn9gkxyRpRZgst3rfSsvEt96euR3fQbWvsHktDnI=":{"valueMac":{"type":"Buffer","data":"kwPrsHD00/Fs7rG8jdCVzPBcmTDwtYlXo5tFxMB0eWU="}},"864yl6Ry9S71NW0UVgpbFW6Hjw35vGsXDgfUnCljow0=":{"valueMac":{"type":"Buffer","data":"QGj1U4zxMb0jNpYhE31iTwTsCGiQbVX1CIsrmt88xd0="}},"9Abtab0Vh1RT3i1U9lMQDh9WfXitIZqzSULxCRekA+Q=":{"valueMac":{"type":"Buffer","data":"kQtEZGWgwFA1guZAuDKwJzRx3QuK17pMl3vU9SjgXK0="}},"9Hb5+CxEVD/k3h0OJjvnQWHMYz8FXpEOoh9iN6rCNMk=":{"valueMac":{"type":"Buffer","data":"WKnTdwp2ILmXs5bpBFba2qK05bh6rUXjCQjf6q0gYQY="}},"9JJW31MCL/LPtl1iP8SsVU2niU9vhUxquckz8+x8N6o=":{"valueMac":{"type":"Buffer","data":"ebo1Kdu8m1Qgw3ddHkv2pxEleDQLrFcqhLm7opzvO9g="}},"9J16jRF/1iIDVft/NKoCXFUAGmzFJP6LONZh7jV2iIA=":{"valueMac":{"type":"Buffer","data":"SPb80Z6Ecj6OnOoMimtKLu1UQOhjz2ENnbF3ryUsXqY="}},"9LUa29Xk0kETsM89BMORYT66J6ph/4WO8M4twF3G/Qo=":{"valueMac":{"type":"Buffer","data":"9fRtlfUukF9wnmNooLNcByTuP7mwyLB+cHJEYDp+9yA="}},"9QuRpwgeIpD4xgYrxOX6zLlhZr8jqq2EQJTtvCf4Gw0=":{"valueMac":{"type":"Buffer","data":"FeyVk4Pc/vIvy7AdTs37ghNbNAtodjqb4m5jc7h3XuI="}},"9ppvFdl28k1AWOGQbLtX4B2GVZybaWeZ7p/SQD4oLg8=":{"valueMac":{"type":"Buffer","data":"v+948WEDScBFUHDkoaGBJwhMfNOWN4xEeAmhwwCykQs="}},"9qjPc3WVXCupblA7dw7CLuCo/A+f8HYdR9SS53CaSD8=":{"valueMac":{"type":"Buffer","data":"sJvPkgys7I9YEgJu11bsFhOkf44KDk4oXKAye/gXe9E="}},"9yzoNNYC8coyx9nJtZGXvvfaWIBsOO39JoK2SuRN/nQ=":{"valueMac":{"type":"Buffer","data":"RJRaHPxNOFW6NNzJoSju3PNmLNKg46X3H3fbhSyA6q4="}},"9/DGM9peFQW1IN8o4PimbClKt1pLXz0r5K8kj7BxdY8=":{"valueMac":{"type":"Buffer","data":"WAeleUT8BF8R0caVUsd3G0R8durgjwv9ZqEKVMFJUJg="}},"9/kJezXTMqnffchdOmKRElF6c6ub3Xwq0Q+mY6EIqHk=":{"valueMac":{"type":"Buffer","data":"LNQjeZ1fk7xvcVo3prJsm/1fa05Uta3oWTdaeXaSYic="}},"+GxvQ/u9KLUTzO31ue+0IYD+Fq9+gJfNo/Rfm866tKg=":{"valueMac":{"type":"Buffer","data":"P07gL69X1PreeOwnMUVaCSa93gOM1VT2SLOFDOtWJWk="}},"+Hq0jkOve+B4InNViGhYdx8qVKj+Eynu1V2SRQdOpq0=":{"valueMac":{"type":"Buffer","data":"AEHyP2CODvyCV0QIUFDpRJs2bjGB4qXlHyNNC5JmIrc="}},"+NsEmj62d6sRHUlckwOb8MU8GFE3OEsEr4HZdQnhUAk=":{"valueMac":{"type":"Buffer","data":"Zgdw5BTRY39PkuRUx5NjC/ekljZkLdosMxeh93ssPYI="}},"+R94RMBOKrLqrMuHyXTPMbGt32TpRA+uLeh6oetKevs=":{"valueMac":{"type":"Buffer","data":"zWZD7U+jk8TfF8rJ0+Dr6SWpZkA9ehbEynqVhPayeLA="}},"+VnGr2hMEhmBEXVapc/jWgkR+uvInd7kjm1dPla+u1o=":{"valueMac":{"type":"Buffer","data":"zF5sVl3aOZ+T/mjLeokGoFOwOYrFBefruxM2fBpgqdk="}},"+aZ+/kFqHEHXX+pH2BBMKJ2nzq5kFrnh+sr3ARhQuYw=":{"valueMac":{"type":"Buffer","data":"Xt5z5O66QGSOM5tENDVuarHSLKEYiLNmLnTz+d0Sq/M="}},"+gNU+noHFauZ+sooeYBiOk03KI5LGUykCVZx3oOLze4=":{"valueMac":{"type":"Buffer","data":"5tp02w5bXE8fm9HOg4Zsh7hPiSksuil74wAgsfLFFJA="}},"+lfkFKjReIE0It9Sr0Z5/3udIZQwYso7SqXVmR96axg=":{"valueMac":{"type":"Buffer","data":"sZi2Pw/pFNIDXRUgHmCWjr8AxSSuSZn7eVrsBTsZ1u4="}},"+o9Bi6eSk3wRzZhks3atSYlEtv9ZktQRPm60IxPxB2w=":{"valueMac":{"type":"Buffer","data":"2erLKBDsI4no87xrcfbtSSqF1NddpKz5YlsZx/JzDF8="}},"+pvFCOtLFdK8jqHBiESG7ZwTzz2hjPDB2OPki938H3w=":{"valueMac":{"type":"Buffer","data":"S/sNTUqcivYho8JB6OQGhTUdgd2ZUmd95zU0jKTJ3dk="}},"+zeIA8bmK882EnTaYYgJwMNcEYQvwykCVGwVkzPUIQI=":{"valueMac":{"type":"Buffer","data":"A8StoZzMmFmSKO1IzrmEwVBXOSmboS453QJ82cyir7I="}},"+1nxN5BU5XvlA0m7lRonJE0Qc8gQkHaZiiD2VQAKuhU=":{"valueMac":{"type":"Buffer","data":"bPuGe9C0Z09RfYMvYBZV1n6lIB+jueV0jNYGc9fA1Gc="}},"+22FiJgeyTup+ABWsXwbdsSGSXFuv1Cxb9Hlk+LwLnE=":{"valueMac":{"type":"Buffer","data":"DoBlpng0gSLkEQsBhUS7VWbduoCzfIhB7ufaSY59ZC8="}},"+4fRtP9eMg3wscj3lWEaZL92zNEZLg5Y/Dyx0Gb4Xfo=":{"valueMac":{"type":"Buffer","data":"QpVQv7Tm5vk4lIJiMprKHHhW0YY2dTvKR1Y4/N+W0Qg="}},"+/pu+q0gk9nafMOOz5qBMoi3HBP9Cm7LuyG93Lul6pc=":{"valueMac":{"type":"Buffer","data":"dRH83mg92lICYhYeCGN1rMPALG/xCd2WtZdepBHOebQ="}},"/FdGv/3aCGpSqNrF1eIxfukuG1pdgcDY/eVb6MkebIc=":{"valueMac":{"type":"Buffer","data":"fXX88hmUXjHsocdGF0KEmQ/6biyIEVwht5x2zeNQHk0="}},"/FxyZyDJCZ3Z7A5DJUMFpy36gsltFz4ITs1GES488MA=":{"valueMac":{"type":"Buffer","data":"wriWiNDZKPs2/IqDf9b1UFv9hx4V0L50lWnw3yBArAg="}},"/L4b0R2HZqUv123ovDjqSjoJk630Td6yUPtcXD58abQ=":{"valueMac":{"type":"Buffer","data":"B1CwJbzrFqor15fUfM962YAeucA52cc02qyBa/9MDow="}},"/X+nAtSl+S0Y5YEwJrQkj0BjW+7EfyS9TO8fGjJBi0w=":{"valueMac":{"type":"Buffer","data":"ter3xF9oYaQFqEoyOZkUAxM/rPDPieOhhbrqEfppCL8="}},"/aYlstzG5jrkBx+SnFjYvCpHeNChAgCkkGhl8p+IZEw=":{"valueMac":{"type":"Buffer","data":"PwAIL6GEQmUON/N1dQCmtYnoppL1SaSmZT/+WYfZok0="}},"/6PnIgKVQe3P9M78k6+5ztHZzoYCu3V3QeS0vnyKPZ4=":{"valueMac":{"type":"Buffer","data":"X+hbGzLKIw+6InAL360irRiwcH6O/9qoWXoZ/cU9bnA="}}}}