{"version":2,"hash":{"type":"Buffer","data":"UxfIwkngZ87co9G9MHtlSBbYIbauaCAaSS2J+pZntVLBfr3aLWzT3ifLXj9Ki9YfEpC8t+vEw+Xi5ea9o+j7OxUJcsMNsn46RMH4dy8/06OUvPY26MHIofnRKHa0Iq/QBpKi0ur50ZPxsqC/2tmoC+gDdqcqAePv5ZFNPiL138c="},"indexValueMap":{"xpaNBqagHxSGBZHoxGgbW3G3ciwUPv9Y2PGToSMagpo=":{"valueMac":{"type":"Buffer","data":"1tcAenq/a1ojaFpHI0EFFM6IDM6OXt7V5clxlPoS9I8="}},"iTOrokGKHB1agID2NPj2kX2EGIwoOmUNW5RjA4CCY1k=":{"valueMac":{"type":"Buffer","data":"9aKb/kMVIvM+lbresdJzaDIYOEM5FaKQY4PCTGoYyfI="}},"3n1+mHH6DqqiJz0E/7WYqUe6szHvHwQdD+U2gzoKqC0=":{"valueMac":{"type":"Buffer","data":"x4CCUzjCJsscss68vXMg3pk7dJiRbBP1yTVAWfPC9vM="}}}}