{"noiseKey":{"private":{"type":"Buffer","data":"2B0MrahR5yt5yya0PWI3mGGmnmyimiU3wJ/q4a0OmEI="},"public":{"type":"Buffer","data":"W9MX5GQlUffyw4rGc7SoBJTryW/4jQPFgQRh7JfmKVU="}},"pairingEphemeralKeyPair":{"private":{"type":"Buffer","data":"GP7cfh2iBhGgQvwKJMTKc0ia3OjpUvI2BTI3TJ4dcmw="},"public":{"type":"Buffer","data":"cCA/r/ulp3ePEyqFdY051olX+6vYGkHbRojyTaSFBAw="}},"signedIdentityKey":{"private":{"type":"Buffer","data":"QLM8S8oVm2HDhVtEXQXwG3gPg+AhOycU7yDRuZyj4Uo="},"public":{"type":"Buffer","data":"/Wh2l5BVU63rDK5FBHYZAeNk16kWwlPUDKP66Y8l3wk="}},"signedPreKey":{"keyPair":{"private":{"type":"Buffer","data":"cHIFbdo/ervLxkjfTSHCLeOJxblmOwXWnw8zqlZoK20="},"public":{"type":"Buffer","data":"l6i9G+V9e96cafkSg8ZarIfpWdAAzQz+4cF9MQovtgg="}},"signature":{"type":"Buffer","data":"GfjBwzW3zrkmTqLuk1j52tEC0IPbV7U9951UPCIyU+ypO8UCzvYaf29c9gYhA6sWIQLoOEnH0hTXe9Yt5hMUDA=="},"keyId":1},"registrationId":228,"advSecretKey":"GAFFIZ4S7UFeLXkF9rJMHyij+yxdfk+CdGiH/6hiRU0=","processedHistoryMessages":[{"key":{"remoteJid":"601135502506@s.whatsapp.net","fromMe":true,"id":"EBBC4B51C24B1A7118598A0818BA4429"},"messageTimestamp":1753335489},{"key":{"remoteJid":"601135502506@s.whatsapp.net","fromMe":true,"id":"50774219180CF38B97E3778C70101417"},"messageTimestamp":1753335489},{"key":{"remoteJid":"601135502506@s.whatsapp.net","fromMe":true,"id":"F9EE483FA3EFF867BF4A15185E343F90"},"messageTimestamp":1753335490},{"key":{"remoteJid":"601135502506@s.whatsapp.net","fromMe":true,"id":"90E6A0835D65E121009F52C5BBCBD21D"},"messageTimestamp":1753335491}],"nextPreKeyId":69,"firstUnuploadedPreKeyId":69,"accountSyncCounter":1,"accountSettings":{"unarchiveChats":false},"registered":true,"pairingCode":"MYSTIC28","lastPropHash":"3gPUJk","routingInfo":{"type":"Buffer","data":"CAUIEg=="},"me":{"id":"601135502506:1@s.whatsapp.net","name":"yourbotaldrick1","jid":"601135502506@s.whatsapp.net","lid":"1976389652735:1@lid"},"account":{"details":"CKfgrtoFEL2Nh8QGGAEgACgA","accountSignatureKey":"KWRh7r9OoY4PeGRonbfTVDOzCHtsIqZaWSSoJUjEwEs=","accountSignature":"TwBiG76WgVrmHhjS0wUEHi0XNZ0qI4qxzQmuzNDHetiUw8VxuGQTXNkYkPZ6beW5HET0FYeVqOLwRKEio4MNBQ==","deviceSignature":"D1CEKuslTRYpH+yR+HLpyJNf94fRxm/sjDPTy7SZ6D/boEgllE9rgqOdLCUSEx7DJ9veXT4TJSmuuAi693gZDg=="},"signalIdentities":[{"identifier":{"name":"601135502506:1@s.whatsapp.net","deviceId":0},"identifierKey":{"type":"Buffer","data":"BSlkYe6/TqGOD3hkaJ2301Qzswh7bCKmWlkkqCVIxMBL"}}],"platform":"smba","lastAccountSyncTimestamp":1753876126,"myAppStateKeyId":"AAAAALUl"}