[{"senderKeyId":846631031,"senderChainKey":{"iteration":73,"seed":"BBXPG9EhmEw7R91lrhBJNhcTa+jto1Fs5f9Q9oGCbQk="},"senderSigningKey":{"public":"BaZRfyuIUMwzwoBH4dy94sAnXNrNrdJadqcOMgYNtOk+","private":"gPm9Ayrcp7BMrLZluD4YCzCdJ7mLxuC2bir12B9OLWY="},"senderMessageKeys":[{"iteration":1,"seed":"xfofuIHHfftae4bx8R1MeQu24MwiGIMUKBbC56bPDRM="},{"iteration":3,"seed":"laevzt8TJIyw/2DAiAocuadSmRfV7gPb19Es3X/kUEU="},{"iteration":5,"seed":"ST2FFHzKKcGSCO/RO0VSJXYNJiT5QbP/erSSQtfP/ao="},{"iteration":7,"seed":"5xlsSPGagSKcfjbXe6bu5Wyg3UsKKhbfHnHV7W0as88="},{"iteration":9,"seed":"zBPDIUHqMIYi8eHN2Rojq6lTirD8GuWGo7XaKY+oCbY="},{},{},{},{},{},{},{},{},{},{},{},{},{},{},{},{},{},{},{},{},{},{},{},{},{},{},{},{},{},{},{}]}]