[{"senderKeyId":1606373599,"senderChainKey":{"iteration":14,"seed":"SDMrkLitisoEE3iFekNeBl4+SPsdhgLr+QnThc+sJpg="},"senderSigningKey":{"public":"BUtPpCBrtDZHnJW4wMLwgXlE3FGSwWUI6PuLXO/zMxEV"},"senderMessageKeys":[]},{"senderKeyId":226671063,"senderChainKey":{"iteration":3,"seed":"DuocUI2+GXCKJCvjZU36Az5GsRGM2HXcwO9xMqNyB0Y="},"senderSigningKey":{"public":"BUum3yek/lVq5yYjIbFsyb5yvUBOB3K6s1AHb5UUvEVJ"},"senderMessageKeys":[]},{"senderKeyId":226671063,"senderChainKey":{"iteration":1,"seed":"jVA9QdV0+gjNtDv6wWGJT80qdvHu0yHx7UMD02iN4rI="},"senderSigningKey":{"public":"BUum3yek/lVq5yYjIbFsyb5yvUBOB3K6s1AHb5UUvEVJ"}}]