[{"senderKeyId":825611871,"senderChainKey":{"iteration":11,"seed":"PNsYlCxbYTSLGjE2Cnc6F9Vs4VN2SReIdoxLA14zOwg="},"senderSigningKey":{"public":"BRH8qF6Vmm4m7upmhCgjf9LiyXnhbmAXjUy83zALhTlX"},"senderMessageKeys":[{"iteration":1,"seed":"ydFOO4j432naRxgO63Sd34fj2KMyIzKr9OUH25rQ35k="},{"iteration":3,"seed":"cIcQ6QquiczvmhacI0aSqklOR3oRZF6YfaStbionNGc="},{"iteration":5,"seed":"6ptdJTxDsVsKFlnnmMHC/o2Q7L452e4Or2gflRMzysk="},{"iteration":7,"seed":"arHFW3BvmS9aMHnm6akw78xNWTPqZOzumvFASs2WjmI="},{"iteration":9,"seed":"sdvgnVSgq40Ii4a1YmAN2M2L3oyx8l0l7R7peY5DQcw="}]},{"senderKeyId":825611871,"senderChainKey":{"iteration":1,"seed":"WDWtcxwV7L41CnTOVI9rZvoF8iL59XFt+rJlfNxEFKY="},"senderSigningKey":{"public":"BRH8qF6Vmm4m7upmhCgjf9LiyXnhbmAXjUy83zALhTlX"}},{"senderKeyId":825611871,"senderChainKey":{"iteration":3,"seed":"mdCX+Rs52s/+s1QZo6JBAzs5aqG09px/N9/+8fDeYY0="},"senderSigningKey":{"public":"BRH8qF6Vmm4m7upmhCgjf9LiyXnhbmAXjUy83zALhTlX"}}]