[{"senderKeyId":983502856,"senderChainKey":{"iteration":21,"seed":"NeU7xoEDpUs1B+Ik+sdCy915JcqQsAelPxtiqO0pFeA="},"senderSigningKey":{"public":"Bb45n4ptRehVtJIY2+qeZnxhIhUSMeZIi0j9gXkSh2Mg","private":"eATUyxU9oAyVykGz3V7NNRvpCYpSXC351BfYvl1umVA="},"senderMessageKeys":[{"iteration":1,"seed":"mPDI/Q/HFvBKuGYzNe93xKbaw1Az/PjWcTY78I7A4/I="},{"iteration":3,"seed":"KfeBs8ORn+Hy92amPTzHfiO9SF348yP1eS9VIHedU5Q="},{"iteration":5,"seed":"pvkZfpKacODhoOReNdMVJDX8b68Kr1CBCBUXw4ouQIQ="},{"iteration":7,"seed":"Ww7pD0d2WrPq2pK0U+zxkRu8sF/2yA1QI8tzkl9WUDw="},{"iteration":9,"seed":"arcEen6XF4wTsQCVPOY2exjltS5AW8wcdq733hPSAjc="},{},{},{},{},{}]}]