[{"senderKeyId":548666600,"senderChainKey":{"iteration":12,"seed":"GoOwCzVyFI75JL72GG7y0zjoxYEy3n4foTcbUvXwgec="},"senderSigningKey":{"public":"BXMCvvm21uBgSuETb+UfHASeY1hYC5tcLjX2QRz/j+k5"},"senderMessageKeys":[]},{"senderKeyId":548666600,"senderChainKey":{"iteration":11,"seed":"J2P1xv91VwPVrgdn++hQdn50NzFtY9sNtqdpe5ZP1t4="},"senderSigningKey":{"public":"BXMCvvm21uBgSuETb+UfHASeY1hYC5tcLjX2QRz/j+k5"},"senderMessageKeys":[]},{"senderKeyId":1598584852,"senderChainKey":{"iteration":5,"seed":"VfGrvHpMkbZMh4OVgxVodZsIfTLzglTNC4T94L46gSk="},"senderSigningKey":{"public":"BRoVwCL8mqIV7avQzegI8fXUWRjgf47TLbcapuU30CNG"},"senderMessageKeys":[]}]