[{"senderKeyId":1057039104,"senderChainKey":{"iteration":105,"seed":"8dIABsSQPKYmnAEWmReXGvOliYBJqmGa4hq9AXR2kAo="},"senderSigningKey":{"public":"BbEMGNdbBGHASMezo9G9yeCoIFSQev7PKOneTzNKOXcv"},"senderMessageKeys":[{"iteration":89,"seed":"T+qeGnNb10EAN8g6vdWTP+GkG0kDlB7kz+lqfGaXbfM="},{"iteration":91,"seed":"CYaDhfUYPOtWBHcBx/lScS3UNk/vfZqYNS/SxrSuXuE="},{"iteration":93,"seed":"5nt+UsBudQ1CDyJYtoXc8xp5q/a8SskFA2UlYV0l1Lo="},{"iteration":95,"seed":"l0K4UUmvtsVzG4SMUh3qFglzqQw96O2Tr/9kzNOrJOQ="},{},{},{},{}]}]