[{"senderKeyId":2141471129,"senderChainKey":{"iteration":1953,"seed":"gPL04fkm1ug00quAstNlefTZnSXYInUbtnswhuW/y0M="},"senderSigningKey":{"public":"BZcBgrkzq8Q94a0+egV46XOi8gtqqjoKFFFkNyftSuJB"},"senderMessageKeys":[{"iteration":1945,"seed":"AceSriZQmBw6AcUM8Yb2kOSgvRQq9wO42zqAUSpG+0s="},{"iteration":1947,"seed":"Rd07VYkXwTaMbuZJVA0Neu9ixhmuXapavWFfQsjr8CA="},{"iteration":1949,"seed":"jfJPGWTM0LXRZYtaH8JqPyLOYPJaxMUNpoiPiIrB8VE="},{"iteration":1951,"seed":"b4hN6IqU2e7f5NpP9owmALL0wWUIoukNVeqzKh2A1wc="}]}]