[{"senderKeyId":1833178998,"senderChainKey":{"iteration":47,"seed":"FsoJkHt3uDHXuD505wvve8I820FHpJ5ObWpvGAkwd6g="},"senderSigningKey":{"public":"BSzvLH/ZDH65oZFTf5dY8rTAkJrxsMHNfrYSBUnhCDgy","private":"cDCgNRCFDt9W04ZGvkUQj5L88Pp8g5r4xPl1hJfVpFo="},"senderMessageKeys":[{"iteration":1,"seed":"t8n5LAvzykkSoYE3AK+jcNxFZZwNuNb3uj6ggB2ribw="},{"iteration":3,"seed":"vi6wPFAtX9K6sYuiag4qi5qWohxncLmNXtB8T81aWKI="},{"iteration":5,"seed":"s7pa5RjvoKFTRBL3NsYphCK1AVM6Xme1rczD9d8Op08="},{"iteration":7,"seed":"lLcAPrCzT51krXUuoqB9w+d70mdsibkFJk5oZ3Gy53s="},{"iteration":9,"seed":"81dvT/Rk3ceP4t+y20DAoSbSvYTWabPxGpLCxl8A7u0="},{"iteration":11,"seed":"rDRQeFGS5cIvGLJv9Cg6HgKFyR+3fRKEizi6Z2kDZ8o="},{"iteration":13,"seed":"cVhRYFR9XcqdV+ZiY3IATioZ3mzNxlKTJ3xWMMoM+q4="},{"iteration":15,"seed":"QUi6AXKGqu+EpWbqcZJEEtINVxKBn1Q1BE7/WXRM9OQ="},{"iteration":17,"seed":"uoiNLLZEBx9tG28XgzgfJuSi6eFaoNs5Vwrxv2BxMWk="},{"iteration":19,"seed":"j4AD7wL6a6Nh88X+boI8uZpwf9Oc/iN4ybmW5154p7M="},{"iteration":21,"seed":"tuaPvl8eKpqjR7a4jcYmhJ1SvWG7yN1hycoKOq5GKB4="},{"iteration":23,"seed":"X93sXK6Eis7uo4axqab44cAdFfDW77SsoFWLqgM8Gik="},{"iteration":25,"seed":"WXQxeFHKa0kgGGe26aDbkKcWAfepRhNqpvSKs4w0QiM="},{"iteration":27,"seed":"BstyhqU0P/EXA6WdaO8Pyrvt31GkiY3ntxmAFp+HLck="},{"iteration":29,"seed":"z9fz9fSB71X+UPl0s71J2s9wFdXFQ8cR8R2T3oMQ38c="},{"iteration":31,"seed":"OpB9HAR+dBT60U5A7LLHnOu0z+XRJnC1qPlhVac8aig="},{"iteration":33,"seed":"n4wkOGwH4+JMl9X7DHnU5+HcfKoG0AkvQsJxiDddj1A="},{"iteration":35,"seed":"XOGrjyxtTcpelMxS0hlHn1j+c3NIBZZXfDFQ/3rcngk="},{"iteration":37,"seed":"+R+ieBFyg79lonqVUOuGi3Dj/KfxFB8p2t4yx4dTQWY="},{"iteration":39,"seed":"KeDW7Lzpy0z0XZQKej2PfDTcOMG3CPVLI1kFF+TLyY0="},{"iteration":41,"seed":"xKk7WQtN8Nm2w+tF2LDqWAnFqr/vLbIHM7wRmgqXpIg="},{"iteration":43,"seed":"k6vOewsxwA1pQfmi7i6WFufiU6yVetV34YCiM2ht4j0="},{"iteration":45,"seed":"G/NHszNTemJp1o2nb9+vOjQtK87WZXjlAvsys2LP2VI="}]}]