[{"senderKeyId":818948881,"senderChainKey":{"iteration":2657,"seed":"pbuCRA6Eu6twF0WBskWL9IzX07qUpxAw+KDPkOMxf0o="},"senderSigningKey":{"public":"BWCzuuA5VVGWvma0yX9qAormIpCnx/J+5IZfdnohsHJY"},"senderMessageKeys":[{"iteration":2639,"seed":"8y6GhHB/U1buEg+X0mRbbUo8pa2exR4fRuF0D/t3iGY="},{"iteration":2641,"seed":"5w39I68OcabyWahKysmL1bUDVsVMlbwCIarhDaz1yA0="},{"iteration":2643,"seed":"HHMB/Lt543AnqYCibVqSJSHMciC87hbccxAMqu+QJbk="},{"iteration":2645,"seed":"NjKZmrnoVcLFB3K+1tSrDmvyov95HDKK+2/7miCNumQ="},{"iteration":2647,"seed":"PL9XMc8gfjtJpFdkM5XJ7pWqgd9YX8rxolEbkk1siLM="},{},{},{},{},{}]},{"senderKeyId":818948881,"senderChainKey":{"iteration":2655,"seed":"6sHHY1PHhRfeC1Lw96qCZJe16pl/yaN9Fhc0SHhH1aw="},"senderSigningKey":{"public":"BWCzuuA5VVGWvma0yX9qAormIpCnx/J+5IZfdnohsHJY"}}]