[{"senderKeyId":2128697740,"senderChainKey":{"iteration":3,"seed":"fM7niZJR/zSKEx3EpEBMGdl5YIQD2jz4m3xQLMARx6I="},"senderSigningKey":{"public":"BaB/Jv/XFimcv4kq5mJufTUzXqzxGcX/mlLp1PfdiEMP"},"senderMessageKeys":[]},{"senderKeyId":2128697740,"senderChainKey":{"iteration":2,"seed":"kJn2OVCR2xvUV6Sauvt+VAJ0j8hFdwP/GwcJAURQ68k="},"senderSigningKey":{"public":"BaB/Jv/XFimcv4kq5mJufTUzXqzxGcX/mlLp1PfdiEMP"},"senderMessageKeys":[]},{"senderKeyId":307425957,"senderChainKey":{"iteration":3,"seed":"yohmhskGGAjnhxBhCTzRe5Z0+JavaDOUrP3ZPbKcuQQ="},"senderSigningKey":{"public":"BQ+u+odpId4k9QgmPSIaMObArGRdAb0O8muzZMLfpGI+"},"senderMessageKeys":[]},{"senderKeyId":1639554246,"senderChainKey":{"iteration":1,"seed":"+5Qtj44NMqz5nOR1XhkqrW/HiMavU/rT6x7OQukqQ9Q="},"senderSigningKey":{"public":"BYpU3mt6oAPhjB2MpL4amo0/irDYtvw5wW6xroI8t/tR"},"senderMessageKeys":[]},{"senderKeyId":1944108325,"senderChainKey":{"iteration":1,"seed":"OVraqGMtG75pTLfX1P1W0ASn9h5YJhtTwdduA+PPDjQ="},"senderSigningKey":{"public":"BcT+2hWJtYW5BB9AasiLei2L1HLFy3tLOivz7DZ6JMt9"}}]