[{"senderKeyId":1361615220,"senderChainKey":{"iteration":1,"seed":"eOAbQ1PUWTk7x4b2/PcTPKVxzSUSp9M4r74HQSlfIMY="},"senderSigningKey":{"public":"BYQwDoU1QyLb59Tn7pHdjkQZl1JixKxLwquJJ3tL30ss"},"senderMessageKeys":[]},{"senderKeyId":1357545133,"senderChainKey":{"iteration":1,"seed":"EE4Q6bIRD3A+8XW0YYzj+U5s79TSPPCCsE71Wl37RpQ="},"senderSigningKey":{"public":"BTfgSaoh2g9yFsgW4ipSoGesJgVv74K+AkAsuJov/qsq"},"senderMessageKeys":[]},{"senderKeyId":901435563,"senderChainKey":{"iteration":1,"seed":"nSMeDqNRf7dkvoKxznaliKyJQfufG3WHMLgv50EwV18="},"senderSigningKey":{"public":"BTolOsIuM5+FUO/NBJKlzd2tlHY2TJCzR3KasBf/lmV2"},"senderMessageKeys":[]},{"senderKeyId":955541670,"senderChainKey":{"iteration":1,"seed":"rX8K3Gy6ZLR6TV/+f7aAj6Q3HstCLdOITgbcSk7XFds="},"senderSigningKey":{"public":"BS3wgfpGyqzjRevCem5THD7Q8K+980EAYEQxvyRjNDFt"},"senderMessageKeys":[]},{"senderKeyId":1313414411,"senderChainKey":{"iteration":1,"seed":"qDVvL+vyWqwZ+WBZXrYgpLQE0oG/PcKiN1YDrUkGPyM="},"senderSigningKey":{"public":"BVPo/oBmqs5LN5zMk3pv0Q3Jkxy/E2tbylXZkZwRLS1T"}}]