[{"senderKeyId":1972103304,"senderChainKey":{"iteration":10,"seed":"z9tbh4eXEk4LCXSZ1Drq0VSBfe5ehuB3vaInPWv82uc="},"senderSigningKey":{"public":"BcP8fD3ZU9cf77ECtyNfcYF+QEei5Mdlra0fWkB8vLVj"}},{"senderKeyId":1972103304,"senderChainKey":{"iteration":3,"seed":"TLZD2UpXR2a3otj6jx5nWmJbh4zcWmDnJvwbKO6aTyM="},"senderSigningKey":{"public":"BcP8fD3ZU9cf77ECtyNfcYF+QEei5Mdlra0fWkB8vLVj"}},{"senderKeyId":1972103304,"senderChainKey":{"iteration":3,"seed":"TLZD2UpXR2a3otj6jx5nWmJbh4zcWmDnJvwbKO6aTyM="},"senderSigningKey":{"public":"BcP8fD3ZU9cf77ECtyNfcYF+QEei5Mdlra0fWkB8vLVj"}},{"senderKeyId":1848961109,"senderChainKey":{"iteration":12,"seed":"4FVdKIZNx+4sPFI+aQeSkGRVoqa0r+BqhT1vPfWWerY="},"senderSigningKey":{"public":"BUlOLtyhA7XYw5losyDooNRCxrVStVUZ8WI0oOt7oBBS"}}]