{"_sessions":{"BUPUwhKU6jyZf5KcyMOj0+GxGXVywoc3lp/8jUr/rKZl":{"registrationId":895371955,"currentRatchet":{"ephemeralKeyPair":{"pubKey":"BYHx6EaGd383BKwta0OxxF7DMPZ/465+nDNjg3nN7GFs","privKey":"0B1xXhjJiFSetG/Dh4E2lLPq8b8tIMMycJAeEBvqSHU="},"lastRemoteEphemeralKey":"BappW1raoca9sJlOZ7C8rjRiOE6UHtgrEXHckbRegckr","previousCounter":0,"rootKey":"JNEWwA2mSGVm0H8DfRg0EiJ6+gi5pieTI3FZ0SzM+1c="},"indexInfo":{"baseKey":"BUPUwhKU6jyZf5KcyMOj0+GxGXVywoc3lp/8jUr/rKZl","baseKeyType":1,"closed":-1,"used":1753358116090,"created":1753358116090,"remoteIdentityKey":"Bd6X/RIzWyWS+DcnxJOlkHL/NcN6GueBu1SpGJd7TFU4"},"_chains":{"BYHx6EaGd383BKwta0OxxF7DMPZ/465+nDNjg3nN7GFs":{"chainKey":{"counter":1,"key":"ALM98/rSmmnNyQoIb2qTN+4gMBXyUiYOKg0ji2zKCPg="},"chainType":1,"messageKeys":{}}},"pendingPreKey":{"signedKeyId":1,"baseKey":"BUPUwhKU6jyZf5KcyMOj0+GxGXVywoc3lp/8jUr/rKZl","preKeyId":12816235}}},"version":"v1"}