{"_sessions":{"BWF2gMJ51QxUquwpL22ic4DRy6zop+UuantIBfr5HZVR":{"registrationId":228,"currentRatchet":{"ephemeralKeyPair":{"pubKey":"BfSthBqAdSZVgp9ses502Q5/2kzXe/CT0ezz2UCvKpNc","privKey":"YOoGNWaN9y533kefDUSF30ofRTlv4HOkSZTA8CSLnHw="},"lastRemoteEphemeralKey":"BZeovRvlfXvenGn5EoPGWqyH6VnQAM0M/uHBfTEKL7YI","previousCounter":0,"rootKey":"ZmiXYC6EIZb4NIv4K4TiebYFpEiCqSDJ3d2VG2LxUYw="},"indexInfo":{"baseKey":"BWF2gMJ51QxUquwpL22ic4DRy6zop+UuantIBfr5HZVR","baseKeyType":1,"closed":-1,"used":1753335623686,"created":1753335623686,"remoteIdentityKey":"Bf1odpeQVVOt6wyuRQR2GQHjZNepFsJT1Ayj+umPJd8J"},"_chains":{"BfSthBqAdSZVgp9ses502Q5/2kzXe/CT0ezz2UCvKpNc":{"chainKey":{"counter":4,"key":"Q2jDudWpo8btL7CbZzt9hwNo3TihpDxFWXEh7UTRMYY="},"chainType":1,"messageKeys":{}}},"pendingPreKey":{"signedKeyId":1,"baseKey":"BWF2gMJ51QxUquwpL22ic4DRy6zop+UuantIBfr5HZVR","preKeyId":15}}},"version":"v1"}