{"_sessions":{"Bb2TJIgiUDe0r7Co46aG01N6g/bsdFxLNCmHya+ePQ11":{"registrationId":138,"currentRatchet":{"ephemeralKeyPair":{"pubKey":"BdowfFXAICpwHQHx5gecZGhpbm5V80lppPFAK1E8g+1m","privKey":"8GVUY1Aocv0Q8/4rP5Q8lr0rzSILdJVKsUfH3UnJRV4="},"lastRemoteEphemeralKey":"BXBcb2L0ZJHWwTEGm0vGiPlGIvLoTmRgcMw+SMtnrABS","previousCounter":1,"rootKey":"iuWW9o82JNMYaOYEk4AOptDAFOit1X2ZoPktkPw1lNk="},"indexInfo":{"baseKey":"Bb2TJIgiUDe0r7Co46aG01N6g/bsdFxLNCmHya+ePQ11","baseKeyType":2,"closed":-1,"used":1754225052719,"created":1753358080709,"remoteIdentityKey":"BVVG/aN4uPPi+NKHwVJ4UeX0nVAttnBH42UPju2FDtZV"},"_chains":{"BQz/zpK2iMOpp2FKCuB6Y387RyNqLs6uhxCeb8OLE6cx":{"chainKey":{"counter":0},"chainType":2,"messageKeys":{}},"BSZ5WEXz7rHJnnSKQcYAHyrkHpReKjMnrDP2z6Itbst5":{"chainKey":{"counter":0},"chainType":2,"messageKeys":{}},"BXBcb2L0ZJHWwTEGm0vGiPlGIvLoTmRgcMw+SMtnrABS":{"chainKey":{"counter":0,"key":"VGRlMXaQhvCaRXKZOIXN0DH0bq6FQv/3rY5+UX3knMc="},"chainType":2,"messageKeys":{}},"BdowfFXAICpwHQHx5gecZGhpbm5V80lppPFAK1E8g+1m":{"chainKey":{"counter":-1,"key":"euf0vG0d6e7Zqn/SsQaAmj1WU9BPZiU20VOO/i8M0HY="},"chainType":1,"messageKeys":{}}}}},"version":"v1"}