{"_sessions":{"BSEj8ro50JlcRNMO1FD7ptsCI0yxaCYSNZFydfGtlnYe":{"registrationId":930138174,"currentRatchet":{"ephemeralKeyPair":{"pubKey":"BeDXOi7QoyWvc3u1WJfI9GoAqU22idytuwB394wxj603","privKey":"KHdIYkRIHDe/bGR/+fhgrfYueOU8gB+HiYUF+2t4rmQ="},"lastRemoteEphemeralKey":"BaQIx/3cQf3zq6Wcwh/kOkziH54Qx/tlPDEytOCECfVm","previousCounter":1,"rootKey":"KkJol/jmsORnOU+In3uLTYuXALl3eFI5oqbZ60bgH/Q="},"indexInfo":{"baseKey":"BSEj8ro50JlcRNMO1FD7ptsCI0yxaCYSNZFydfGtlnYe","baseKeyType":2,"closed":-1,"used":1753357782290,"created":1753335512205,"remoteIdentityKey":"BSlkYe6/TqGOD3hkaJ2301Qzswh7bCKmWlkkqCVIxMBL"},"_chains":{"BaYd0aPavQKKNHynoFcKwt1JhYR0M50o54xsSU5k/R0Y":{"chainKey":{"counter":8},"chainType":2,"messageKeys":{"0":"NUmThB0Au+eT2/zZ0gnUxa+W2AgkE5g0AcvOLtQsyuA=","1":"oc8dtmW13KrYeQs1Q3tECCdHIgdVS8IeyCqocg91MX0=","2":"rRBy/68WgPYlhYlB+u9bejDNerafOMP3vKyq3W4q7Ek=","3":"Zhg1Do2h5r/x9PfYurSwG9m42EUXJicvEQg63nN01Tc=","4":"2MI/nqeNQ6sJxiPMMqNrZ7T961gxRWe/0reBl/V7Gpc=","5":"IHDCVhptaS9PFX/R9q7cTi+IURHwMnAqoKS+eNzQhxM=","6":"AaXy8vn9OqFfForOLnZdzd0hEWHvEv/T1d4X/JD7WoI=","7":"6b0A/C3mqlISE3GOmFfPEI1PEheHUUER30NmVzhlDfw="}},"BVtlNG7cTWr7VNPVcvLXgp0QOw4IfkCVLjL0P9P1fm1C":{"chainKey":{"counter":1},"chainType":2,"messageKeys":{}},"BaQIx/3cQf3zq6Wcwh/kOkziH54Qx/tlPDEytOCECfVm":{"chainKey":{"counter":1,"key":"xeYsqjeOuX1ddy0UFtiB+8uUx/8d+fGZIj1j1x3suvg="},"chainType":2,"messageKeys":{}},"BeDXOi7QoyWvc3u1WJfI9GoAqU22idytuwB394wxj603":{"chainKey":{"counter":0,"key":"AfHIvJZnFiFMa7ac36bB/S7sGAYOW295CuZ/yG5gloM="},"chainType":1,"messageKeys":{}}}}},"version":"v1"}