{"_sessions":{"BblkVxmJiIpbzhDpu7p7eu9oooqCP95mypdiowh+K1ha":{"registrationId":374061783,"currentRatchet":{"ephemeralKeyPair":{"pubKey":"BXjJQGk9mOUVmgYoIk+r+gOPzzklljKs0kAp4ViuvR11","privKey":"WDLhvl297vNbyj6SccjNsgA2NSQ9UgwPb9psvyJEpWk="},"lastRemoteEphemeralKey":"BfBU1wEqvi9LT0GAHnelJfwD7z2y6WzYRq11MspXOuoM","previousCounter":0,"rootKey":"y3MWU24rnly6cmgD94pxTHiOb45uoeVeAXWlOdhH2oc="},"indexInfo":{"baseKey":"BblkVxmJiIpbzhDpu7p7eu9oooqCP95mypdiowh+K1ha","baseKeyType":1,"closed":1753358644812,"used":1753358116179,"created":1753358116179,"remoteIdentityKey":"BYygBaZ1fmCGtfQHBC5Vuv9If3wL7X6DFhGESo5QAQhN"},"_chains":{"BXjJQGk9mOUVmgYoIk+r+gOPzzklljKs0kAp4ViuvR11":{"chainKey":{"counter":1,"key":"2IO2/7plX3pbIKu2ect1pOazDbaf5DErbccheYKvMA4="},"chainType":1,"messageKeys":{}}},"pendingPreKey":{"signedKeyId":1,"baseKey":"BblkVxmJiIpbzhDpu7p7eu9oooqCP95mypdiowh+K1ha","preKeyId":13590561}},"BTst01NKEh90WrmtXrEpEWpoKf7iv1MiER5hBXSJZyRo":{"registrationId":799819284,"currentRatchet":{"ephemeralKeyPair":{"pubKey":"BeVxNjRk03B0NwklYIPKr9udVyVNSVS8wYc2AU+O9aNu","privKey":"WPLOpdLr850CC5CXbrDs0zG/E4fSddp/IyN0Ww/EZUo="},"lastRemoteEphemeralKey":"BXTwP2wHPb2tWnWQtawCvMitp8VcGGt4vwysFIZwvAYF","previousCounter":0,"rootKey":"/F1MOXAD8IjzJgLOZNg8jmnWDIycCBs/3A+hSZqtPVI="},"indexInfo":{"baseKey":"BTst01NKEh90WrmtXrEpEWpoKf7iv1MiER5hBXSJZyRo","baseKeyType":1,"closed":1753358645060,"used":1753358644808,"created":1753358644808,"remoteIdentityKey":"BcdcGC/KKUAyJVVIrTRHq5y/FV6KbNjnFt0qeXz7PvQH"},"_chains":{"BeVxNjRk03B0NwklYIPKr9udVyVNSVS8wYc2AU+O9aNu":{"chainKey":{"counter":-1,"key":"+pXCDoa+U7RPn4YtT0xahm4LA/H6nOTu4sgr9yKR4hc="},"chainType":1,"messageKeys":{}}},"pendingPreKey":{"signedKeyId":0,"baseKey":"BTst01NKEh90WrmtXrEpEWpoKf7iv1MiER5hBXSJZyRo","preKeyId":2138928}},"BWHAwioDMqXkck3vKpzmSfqwGUBEmn+X4/ti3LGxDMgf":{"registrationId":799819284,"currentRatchet":{"ephemeralKeyPair":{"pubKey":"BfPa8QSUTIQlEC+itj4OP1gPbY9DhzP8H8GOEBknxhIu","privKey":"eHR0L5Q+V3WHJH606k+NtlnWLx/jOJhJVNgfeqYYF0U="},"lastRemoteEphemeralKey":"BXTwP2wHPb2tWnWQtawCvMitp8VcGGt4vwysFIZwvAYF","previousCounter":0,"rootKey":"UlPJNtrME95Z/BNHJqqjDUBEqYqKskgGMZ6Wagg4ObQ="},"indexInfo":{"baseKey":"BWHAwioDMqXkck3vKpzmSfqwGUBEmn+X4/ti3LGxDMgf","baseKeyType":1,"closed":1753358645321,"used":1753358645059,"created":1753358645059,"remoteIdentityKey":"BcdcGC/KKUAyJVVIrTRHq5y/FV6KbNjnFt0qeXz7PvQH"},"_chains":{"BfPa8QSUTIQlEC+itj4OP1gPbY9DhzP8H8GOEBknxhIu":{"chainKey":{"counter":-1,"key":"41oG5Cf4QqDVELIH8RDMSc/sixD78yOU9mpjvdtbBTk="},"chainType":1,"messageKeys":{}}},"pendingPreKey":{"signedKeyId":0,"baseKey":"BWHAwioDMqXkck3vKpzmSfqwGUBEmn+X4/ti3LGxDMgf","preKeyId":2138925}},"Bb2MaJfjx0hIDDSY0li+nzGuOPtbucdFQTje8O6GZeVC":{"registrationId":799819284,"currentRatchet":{"ephemeralKeyPair":{"pubKey":"Bc7Q8rdFvRS77mdn7XN6z5bLkrOmJdp1q7kWmQWkEEZM","privKey":"kO0WN8ok1NyFU+uAwUKjPbN+p1ny/xHmTt7xOl4Ts1k="},"lastRemoteEphemeralKey":"BXTwP2wHPb2tWnWQtawCvMitp8VcGGt4vwysFIZwvAYF","previousCounter":0,"rootKey":"OMzzpTp+dS87Yo3uSWXZkXfTfJJBv5O0s4DzZA0QCdY="},"indexInfo":{"baseKey":"Bb2MaJfjx0hIDDSY0li+nzGuOPtbucdFQTje8O6GZeVC","baseKeyType":1,"closed":-1,"used":1753358645320,"created":1753358645320,"remoteIdentityKey":"BcdcGC/KKUAyJVVIrTRHq5y/FV6KbNjnFt0qeXz7PvQH"},"_chains":{"Bc7Q8rdFvRS77mdn7XN6z5bLkrOmJdp1q7kWmQWkEEZM":{"chainKey":{"counter":-1,"key":"88TwLSswr96veHIgY1HwI4LsDH0OBb3xMbfHCS0FkAM="},"chainType":1,"messageKeys":{}}},"pendingPreKey":{"signedKeyId":0,"baseKey":"Bb2MaJfjx0hIDDSY0li+nzGuOPtbucdFQTje8O6GZeVC","preKeyId":2138930}}},"version":"v1"}