{"_sessions":{"BeODEmtqvQSHNnu6Gz+dn0mqELr/TOLVFw/wMaQxJzI+":{"registrationId":1684900400,"currentRatchet":{"ephemeralKeyPair":{"pubKey":"BYzGCrsGwSYh0PEfU/g+yopbM6wCZ0dXwnQQ3+U3noRa","privKey":"OO9982Vcfo/kJ0QXDZ8aHo6/B+zRltnT2k4bYCvVE38="},"lastRemoteEphemeralKey":"BQpQHhwv83ejXDiI62/uWu4VXNoT/RoMxakaWO3fJcku","previousCounter":0,"rootKey":"DzD8yBJqsPnOTIp5ok2TWAcRg2TZi7J0j2ywthNBDC0="},"indexInfo":{"baseKey":"BeODEmtqvQSHNnu6Gz+dn0mqELr/TOLVFw/wMaQxJzI+","baseKeyType":1,"closed":-1,"used":1753358116209,"created":1753358116209,"remoteIdentityKey":"BXhUVeq94T6g0xsVWUHjgrOQzFInfbss0cHzCZLlnUAJ"},"_chains":{"BYzGCrsGwSYh0PEfU/g+yopbM6wCZ0dXwnQQ3+U3noRa":{"chainKey":{"counter":1,"key":"2uHUeYKAN3CTwLlbJY/AxvGFAKikeNUs2bQwbyNmSqM="},"chainType":1,"messageKeys":{}}},"pendingPreKey":{"signedKeyId":34,"baseKey":"BeODEmtqvQSHNnu6Gz+dn0mqELr/TOLVFw/wMaQxJzI+","preKeyId":11443557}}},"version":"v1"}