{"_sessions":{"BaGHZI/1N1EqUjZMCJYd4OXGRbelfKQAHTvNo8Qj66ha":{"registrationId":442672420,"currentRatchet":{"ephemeralKeyPair":{"pubKey":"Bfp/rzCgawR0m31I2Z6cUAwnLnEUzN352bond3YR93Je","privKey":"iB//WIlWB2FVWn+Oka9JQtKnXpmbTemduYZsk1ZJYnA="},"lastRemoteEphemeralKey":"Bb8ejVOSMfFUK+25g4sp3tiCyjhLjFbu2EXLzRJrQ+8U","previousCounter":0,"rootKey":"ZYKKR/azx8Z9Q9xDLEKa+t5r9iTueWI7dTPjNjO4JAs="},"indexInfo":{"baseKey":"BaGHZI/1N1EqUjZMCJYd4OXGRbelfKQAHTvNo8Qj66ha","baseKeyType":1,"closed":-1,"used":1753358116305,"created":1753358116305,"remoteIdentityKey":"BZDE5SL4vcO4NHeyhh+ZTTcXeDKflA1feKSpY4qO7wIS"},"_chains":{"Bfp/rzCgawR0m31I2Z6cUAwnLnEUzN352bond3YR93Je":{"chainKey":{"counter":1,"key":"cz+ODNFd9X8eYG7UNGFq1xrJlhoW3DBtemLDQQlqleY="},"chainType":1,"messageKeys":{}}},"pendingPreKey":{"signedKeyId":0,"baseKey":"BaGHZI/1N1EqUjZMCJYd4OXGRbelfKQAHTvNo8Qj66ha","preKeyId":141193}}},"version":"v1"}