{"_sessions":{"Ba9ZV30eFRzCX500CIZcelaWYgteOGU7zbUZEI2wdfE8":{"registrationId":102,"currentRatchet":{"ephemeralKeyPair":{"pubKey":"BUpsbzx96oBqPUC+3hE0hvAemTZGZ/UqsH1XfJT8NH4p","privKey":"cJNjxzooHwn8i0OBXc3lIu1icCFLNj4Uoqx05e5rylU="},"lastRemoteEphemeralKey":"BcZzjsIXcm3r995k4wPiBA1LwgDv1ZcmLKMUi9W6cNIq","previousCounter":0,"rootKey":"9zOa3VYKi+Ui52QB6No7WIYc3kfklFC3WJYzWpJQ3pw="},"indexInfo":{"baseKey":"Ba9ZV30eFRzCX500CIZcelaWYgteOGU7zbUZEI2wdfE8","baseKeyType":1,"closed":-1,"used":1753808866738,"created":1753808866738,"remoteIdentityKey":"BSjlaYhz91PMyuJSLonL7dmOMkHJ6WCYbI1qf+5t7hlz"},"_chains":{"BUpsbzx96oBqPUC+3hE0hvAemTZGZ/UqsH1XfJT8NH4p":{"chainKey":{"counter":0,"key":"W1vqIQYAMFnR/w9wVQ0LPj3uAc+7KzCtyWsuoIEND0U="},"chainType":1,"messageKeys":{}}},"pendingPreKey":{"signedKeyId":1,"baseKey":"Ba9ZV30eFRzCX500CIZcelaWYgteOGU7zbUZEI2wdfE8"}}},"version":"v1"}