{"_sessions":{"BQPc5trbS8JYDG6OH6BI6oPemp+myWGzHVqLVdt/XqMG":{"registrationId":1091093635,"currentRatchet":{"ephemeralKeyPair":{"pubKey":"BY3qrI4Hh39zZaTpmri26ixv7FRo952LsOKdw0kAJEM+","privKey":"iAQhk4Tt9Dxyt8TMo711Vl6hxr4PylCbRGvrhEdmiHg="},"lastRemoteEphemeralKey":"BR28LL1qxO6gnkHZGk1yA1yNYcNYiChUQXppRA+7PBhW","previousCounter":0,"rootKey":"vxym3E6Evi0smyQEECvLB7JqxfNBPe/I9/74r0LQksI="},"indexInfo":{"baseKey":"BQPc5trbS8JYDG6OH6BI6oPemp+myWGzHVqLVdt/XqMG","baseKeyType":1,"closed":-1,"used":1753358116399,"created":1753358116399,"remoteIdentityKey":"BXvPV08RtEnXBG+AC9C9IFKXhcbE8WLWYklBc1v9s28v"},"_chains":{"BY3qrI4Hh39zZaTpmri26ixv7FRo952LsOKdw0kAJEM+":{"chainKey":{"counter":1,"key":"zQNdv8mjJDbyGRGL/mGQlM4RGZD34wI6plc6mkdv78k="},"chainType":1,"messageKeys":{}}},"pendingPreKey":{"signedKeyId":4,"baseKey":"BQPc5trbS8JYDG6OH6BI6oPemp+myWGzHVqLVdt/XqMG","preKeyId":10006525}}},"version":"v1"}