{"_sessions":{"BeALoFTFYGoGXl7oPQaLJElsGUFPqzGc2kglL9JPPRVE":{"registrationId":1804776677,"currentRatchet":{"ephemeralKeyPair":{"pubKey":"BRoRvwWYt3ur9IMENIuVXhRUTyqAaXe1enrSIMSWbMY6","privKey":"wD2b4GkDTTDfnupJ0jTaC4o0sJQ+qNN6h1VPtJKyakY="},"lastRemoteEphemeralKey":"BTByn937un2H7mZ6AI0tjuH0MMQ6288d/RPXIIuF8nli","previousCounter":0,"rootKey":"f+A8PaSeO7z4KZAA3Z2YsyJ9b1MfAO9+VeBTmxDQgvc="},"indexInfo":{"baseKey":"BeALoFTFYGoGXl7oPQaLJElsGUFPqzGc2kglL9JPPRVE","baseKeyType":1,"closed":-1,"used":1753948710873,"created":1753948390815,"remoteIdentityKey":"BZ1RmGA0ZusMK78LFX1Tti1vdqxXpq42Npf6koRNcgZ5"},"_chains":{"BTByn937un2H7mZ6AI0tjuH0MMQ6288d/RPXIIuF8nli":{"chainKey":{"counter":0,"key":"5mvcsxbiSeNyXcRJ1HEQ2i5MYhln2U+wQU3SQuKOopE="},"chainType":2,"messageKeys":{}},"BRoRvwWYt3ur9IMENIuVXhRUTyqAaXe1enrSIMSWbMY6":{"chainKey":{"counter":-1,"key":"nMbTYqEU7jinmHqzUBpc/H6e8IbO4A9/h4iL8xq5mFc="},"chainType":1,"messageKeys":{}}}}},"version":"v1"}