{"_sessions":{"Bcz4rGNMcQFLJQ2VPYQsaSjgfDxUV3xAEmJaJRxCw0c/":{"registrationId":28,"currentRatchet":{"ephemeralKeyPair":{"pubKey":"BQipjOb5Y3rwyIHIl4N06+yXblAdg/5jXPMNXhBanHQb","privKey":"sJUR+VTLz+m/dvVdKF6bC3uKhouaniGPOyunb7j7UWM="},"lastRemoteEphemeralKey":"BZfwqFjKZy6MCSJPtrSxGzmVXrW04Iq/2tAIeEEEsKA4","previousCounter":0,"rootKey":"ygJDRyhdxZFJ7Nsg42onpJNNIwP62GUM+c5ojxI2x8o="},"indexInfo":{"baseKey":"Bcz4rGNMcQFLJQ2VPYQsaSjgfDxUV3xAEmJaJRxCw0c/","baseKeyType":2,"closed":-1,"used":1753360723981,"created":1753360723981,"remoteIdentityKey":"BUwFOMEbH0T0mrM74vokjIAMdND3KDekDMUwH6RBsHYv"},"_chains":{"BZfwqFjKZy6MCSJPtrSxGzmVXrW04Iq/2tAIeEEEsKA4":{"chainKey":{"counter":0,"key":"q7YIvUrqtbUqhh4QriLtsEcanq58Gi08NZk2bs4DtyA="},"chainType":2,"messageKeys":{}},"BQipjOb5Y3rwyIHIl4N06+yXblAdg/5jXPMNXhBanHQb":{"chainKey":{"counter":0,"key":"OPXKFgpabCem/b8Wrn7USQ/osaoROJ5rrpMx/apNQ1I="},"chainType":1,"messageKeys":{}}}}},"version":"v1"}