{"_sessions":{"BZAxZ73zxyCTUPpoNZRYOfnkPchDDyVdxhDN5+1fBVEx":{"registrationId":1254218654,"currentRatchet":{"ephemeralKeyPair":{"pubKey":"BXuFGrfzZdsUZ5K1EA0IguP0cC+JIQ+EMyuSEfcotTMM","privKey":"UEf27mYHY70IPp+C0GtV1sLpXRXcLB7Q462/JGrhT2E="},"lastRemoteEphemeralKey":"Baz/po2fz1KY7HViTNOLEflAXhImriwxdGXwZonGbuYX","previousCounter":0,"rootKey":"rhuJgUJl5EGxGSkGcGUUC0xOgU8qxLpQT10+QegDWbI="},"indexInfo":{"baseKey":"BZAxZ73zxyCTUPpoNZRYOfnkPchDDyVdxhDN5+1fBVEx","baseKeyType":1,"closed":-1,"used":1753358116424,"created":1753358116424,"remoteIdentityKey":"BWerKk8d7hVu7KeJYQc7r7UQhSrvn4e5tvE7RoGFM/Z9"},"_chains":{"BXuFGrfzZdsUZ5K1EA0IguP0cC+JIQ+EMyuSEfcotTMM":{"chainKey":{"counter":2,"key":"3k6+ACo2A1KLyhpB8g6c+2Aty9fDykHVh+4ubUbiRlY="},"chainType":1,"messageKeys":{}}},"pendingPreKey":{"signedKeyId":10,"baseKey":"BZAxZ73zxyCTUPpoNZRYOfnkPchDDyVdxhDN5+1fBVEx","preKeyId":13423784}}},"version":"v1"}