{"_sessions":{"BZJEmxL32ixZGkOl4yTKOy5nZ5mwgAx8EqhpWDuy0AZj":{"registrationId":320212188,"currentRatchet":{"ephemeralKeyPair":{"pubKey":"BabPleO1+mAjx1aEUzzrY0qkBz33tD6Yh8KhD3UJ7ghG","privKey":"aKeclsPzzDMA0WqGP8oIJbweaMlDB6gSgPe1ppoStEw="},"lastRemoteEphemeralKey":"BWQdGrgiItGU7/KcFn6Lios/r2Aj15k0Su4JLFx7jWNC","previousCounter":0,"rootKey":"SuYmlVykruIShLuIpNvGVT5JfODJXmmbHLRBgkOSwIM="},"indexInfo":{"baseKey":"BZJEmxL32ixZGkOl4yTKOy5nZ5mwgAx8EqhpWDuy0AZj","baseKeyType":1,"closed":-1,"used":1753358115984,"created":1753358115984,"remoteIdentityKey":"BUL2tPtC3zgz+veJ+/xVdfFHaLhvzHkLn0cJ4Egu1AAK"},"_chains":{"BabPleO1+mAjx1aEUzzrY0qkBz33tD6Yh8KhD3UJ7ghG":{"chainKey":{"counter":1,"key":"B1Rt1kWIvyF4PS5XqUSd3qxUMPwOt7Joy3E2W+q+/Xg="},"chainType":1,"messageKeys":{}}},"pendingPreKey":{"signedKeyId":7,"baseKey":"BZJEmxL32ixZGkOl4yTKOy5nZ5mwgAx8EqhpWDuy0AZj","preKeyId":16234793}}},"version":"v1"}