{"_sessions":{"BfVpJ7Sv9/GCvPeH6bxraBlIVpTwI4mzpnlG5V9VcaJ8":{"registrationId":1747054626,"currentRatchet":{"ephemeralKeyPair":{"pubKey":"BfVy6gwWTUuAC79IanTY3mcMKWjHq38c2z7yw7Xy8Kte","privKey":"eOqmFrkJOTv795Z02KZFI19ngEqnWs89cO4uIy//AHc="},"lastRemoteEphemeralKey":"BTTnaNNJaTtnYtO/fodykFODIWqWqGvdoCzSePOyP5x5","previousCounter":0,"rootKey":"Wc0cWPjnQOIqNsq4OYVK4cXmfO5Hn1erP9UJr0pZbh4="},"indexInfo":{"baseKey":"BfVpJ7Sv9/GCvPeH6bxraBlIVpTwI4mzpnlG5V9VcaJ8","baseKeyType":1,"closed":-1,"used":1753358116484,"created":1753358116484,"remoteIdentityKey":"BVukJXKgsO/7TZQ6iQlbwchPC03TeTv3xTfqhuKhD/x+"},"_chains":{"BfVy6gwWTUuAC79IanTY3mcMKWjHq38c2z7yw7Xy8Kte":{"chainKey":{"counter":1,"key":"XUC8YnDYxv6RskEe+oBJhXxAi36w76G3eHPBcWn1SYY="},"chainType":1,"messageKeys":{}}},"pendingPreKey":{"signedKeyId":5,"baseKey":"BfVpJ7Sv9/GCvPeH6bxraBlIVpTwI4mzpnlG5V9VcaJ8","preKeyId":7877023}}},"version":"v1"}