{"_sessions":{"BcavXPUdlZLBQYnJJ956laY7KAgP2a1KczMPzv9PRQ05":{"registrationId":97,"currentRatchet":{"ephemeralKeyPair":{"pubKey":"BRBhxScISMBozDLG1apzGerXTNfLdHHmvj1qsvCKhB5C","privKey":"MHSrLUOP0ICbzLT5rUJbYDSVKIPBvREo95tMisEQDnY="},"lastRemoteEphemeralKey":"BXSmb2uZZHcyfWdYbPrimPKz0dkSH2WZH+tnqwv+QeJ3","previousCounter":0,"rootKey":"PgVfNN9o28JFMUEjJgSxIE/cod0iOD5JYefwNYEhG3M="},"indexInfo":{"baseKey":"BcavXPUdlZLBQYnJJ956laY7KAgP2a1KczMPzv9PRQ05","baseKeyType":1,"closed":-1,"used":1753360733488,"created":1753360733488,"remoteIdentityKey":"BcdizkS1SeTVIqDT0iOgBzcFHV/xYE4dusVxyg9Xsf42"},"_chains":{"BRBhxScISMBozDLG1apzGerXTNfLdHHmvj1qsvCKhB5C":{"chainKey":{"counter":1,"key":"dvCR6CWvYUPjgSUZgLBA+76gW4+3WiGhb8kcKw5AQGI="},"chainType":1,"messageKeys":{}}},"pendingPreKey":{"signedKeyId":1,"baseKey":"BcavXPUdlZLBQYnJJ956laY7KAgP2a1KczMPzv9PRQ05"}}},"version":"v1"}