{"_sessions":{"BeNa9oubrw2gvfKDJIMBb5Ai+j826gi1jxcY6JKY84Z7":{"registrationId":216,"currentRatchet":{"ephemeralKeyPair":{"pubKey":"BQGP0nJM/XzhG5vXyO4emAqIUvLuzxdc8/fhFqUcRTAm","privKey":"4JYXURA84+VpoRA4dvcwyccno3wyzuByn5HPqceNi2Q="},"lastRemoteEphemeralKey":"Bf95C3SNZ3kamaKHK3u9Ay0dZ3pjz+KD7uo2rC+uxs1y","previousCounter":0,"rootKey":"vWskLidPVuTq7lHdpyWZDzMU0hiWx6Qb9EmQNVTJk+w="},"indexInfo":{"baseKey":"BeNa9oubrw2gvfKDJIMBb5Ai+j826gi1jxcY6JKY84Z7","baseKeyType":1,"closed":-1,"used":1753360733493,"created":1753360733493,"remoteIdentityKey":"BcQhcIekvxNumkQkYvhgGsyPcQ0I+RR2TTX+DTufhGl1"},"_chains":{"BQGP0nJM/XzhG5vXyO4emAqIUvLuzxdc8/fhFqUcRTAm":{"chainKey":{"counter":1,"key":"SGgbKK2xFtIR1Tha+PZLVx94Xw4zEw9mktfkuDTJFa8="},"chainType":1,"messageKeys":{}}},"pendingPreKey":{"signedKeyId":1,"baseKey":"BeNa9oubrw2gvfKDJIMBb5Ai+j826gi1jxcY6JKY84Z7"}}},"version":"v1"}