{"_sessions":{"BXxgpVLoXv9W3pW8+n799XVo9uECcDJage/vX09N7hUA":{"registrationId":1787250796,"currentRatchet":{"ephemeralKeyPair":{"pubKey":"BWxGhuq659ZiFY1IJEAm2tn4Ng1L4LjpEwRQ/dm3/0RM","privKey":"sOqRrz6x5EirsE/n0HcZ2jyrc2lvsaKjjOKoa/6iv3I="},"lastRemoteEphemeralKey":"BZTNYp5hU9HRaqBu8dxb+SO5Nu8XTfZ++un+vous371/","previousCounter":0,"rootKey":"6BSeIXXL4EZFXNz/vEqfaBYEiZ4MUslNjuuAe86aITA="},"indexInfo":{"baseKey":"BXxgpVLoXv9W3pW8+n799XVo9uECcDJage/vX09N7hUA","baseKeyType":1,"closed":-1,"used":1753358116218,"created":1753358116218,"remoteIdentityKey":"BUl5mUArUxaqOc7Wp71JXMeX9mW/W0L6Cc7ZMWH+OuAy"},"_chains":{"BWxGhuq659ZiFY1IJEAm2tn4Ng1L4LjpEwRQ/dm3/0RM":{"chainKey":{"counter":2,"key":"3fCk9FyS8RbuLItJi6hMTgc9NJjP+ksO015C60ir9hY="},"chainType":1,"messageKeys":{}}},"pendingPreKey":{"signedKeyId":7,"baseKey":"BXxgpVLoXv9W3pW8+n799XVo9uECcDJage/vX09N7hUA","preKeyId":5826761}}},"version":"v1"}