{"_sessions":{"BbxIM3h8E42/goPm0V0M8ZnrmTvvWXX1r2sM1cOWGSoe":{"registrationId":1645471767,"currentRatchet":{"ephemeralKeyPair":{"pubKey":"BR8SFmQu5ETSPSeGo2HWY5kURWFI7vNrBdPueeCTWdoF","privKey":"sAP1NF9CBfrp3ttPGolNKJBu9XJNkoKMQYwWCyZTzF8="},"lastRemoteEphemeralKey":"BWXvHqhGhKlB2hWdDzJHT6ctTMU6ZtVNhV89ZT+wSDhh","previousCounter":0,"rootKey":"mx5ODde3B/YWcrppSLkkbfBkEjWqM/v5RndN4PF/NGc="},"indexInfo":{"baseKey":"BbxIM3h8E42/goPm0V0M8ZnrmTvvWXX1r2sM1cOWGSoe","baseKeyType":1,"closed":-1,"used":1753358116517,"created":1753358116517,"remoteIdentityKey":"BaFRTrskqso1pNG9IdN8w5nVAufHo7fzF5I6rWH426FU"},"_chains":{"BR8SFmQu5ETSPSeGo2HWY5kURWFI7vNrBdPueeCTWdoF":{"chainKey":{"counter":1,"key":"rdq0DB5lNAbF3XWSpJqgJ7INJJx7jI2lSv/df62Qpr8="},"chainType":1,"messageKeys":{}}},"pendingPreKey":{"signedKeyId":3,"baseKey":"BbxIM3h8E42/goPm0V0M8ZnrmTvvWXX1r2sM1cOWGSoe","preKeyId":642543}}},"version":"v1"}