{"_sessions":{"BdQZmac53oRt5vxL+K01uygVrK7vjx1vSQpK0GDocsRD":{"registrationId":147193897,"currentRatchet":{"ephemeralKeyPair":{"pubKey":"Bc5AMXn7KqMhISrUuvWxXMG52xn4awte7/Ll8yvrkKhc","privKey":"QCYQ7J6YOPY1qaRFRikbRMqvcNTqKWbqtydYnmk/QW4="},"lastRemoteEphemeralKey":"BatDyMm/qXQMQnXtqXtz6h6Tzh/p1scjauUukMQJWiUF","previousCounter":0,"rootKey":"SGdzp0IPbsz0DiDZaHuejjlZTLD/jRN4NdIy6vpfBjE="},"indexInfo":{"baseKey":"BdQZmac53oRt5vxL+K01uygVrK7vjx1vSQpK0GDocsRD","baseKeyType":1,"closed":-1,"used":1753358116082,"created":1753358116082,"remoteIdentityKey":"BbW7+aOypoYCjWtPtgvj4Od/IupvKox/BS/9ERgg9FNy"},"_chains":{"Bc5AMXn7KqMhISrUuvWxXMG52xn4awte7/Ll8yvrkKhc":{"chainKey":{"counter":1,"key":"bDnL+BcTyRWjk9Y7rmdQZHHFW/+zlnoOdxkjW26aMUI="},"chainType":1,"messageKeys":{}}},"pendingPreKey":{"signedKeyId":17,"baseKey":"BdQZmac53oRt5vxL+K01uygVrK7vjx1vSQpK0GDocsRD","preKeyId":1850878}}},"version":"v1"}