{"_sessions":{"BWafQrpRI656YJLKEn5gF/tIaPA3Sl0LxWPO3ttCG0xx":{"registrationId":65634,"currentRatchet":{"ephemeralKeyPair":{"pubKey":"BWy7AabhXvPhcKtQmgjI1+c69yHtoRO8YoYK25vs/VJ7","privKey":"uNQFGo3U79v6r9Hx+GqsejxYgO0LFG8uiJoFL0htEUs="},"lastRemoteEphemeralKey":"BVm2aVd6HDOFkfkHwnkBFLapJ4GEmshP6wz850uy3oAp","previousCounter":0,"rootKey":"8Upw7HwQt5hUVi5tYP++IqV9x4Jqn25QK+2E6haUG+g="},"indexInfo":{"baseKey":"BWafQrpRI656YJLKEn5gF/tIaPA3Sl0LxWPO3ttCG0xx","baseKeyType":1,"closed":-1,"used":1753358116005,"created":1753358116005,"remoteIdentityKey":"BU0xZ1VtDqMjE7io6NEk+if5fBOX+soxacab+LAmPqEl"},"_chains":{"BWy7AabhXvPhcKtQmgjI1+c69yHtoRO8YoYK25vs/VJ7":{"chainKey":{"counter":1,"key":"/l5knXcrhpHKXaSzZyXTyGRn0lP7l+p3xULLgih8fQ8="},"chainType":1,"messageKeys":{}}},"pendingPreKey":{"signedKeyId":0,"baseKey":"BWafQrpRI656YJLKEn5gF/tIaPA3Sl0LxWPO3ttCG0xx","preKeyId":4630955}}},"version":"v1"}