{"_sessions":{"BR7dJZ3CEZhczItAsMRGfKBky8lePZT747DTD2KD93oA":{"registrationId":966927572,"currentRatchet":{"ephemeralKeyPair":{"pubKey":"Bf5YzoGUVWTgH5ltVwqaoA7C7nKevkh1UFLfQVvhWe5f","privKey":"yCWuOgmqoTeyUCHWqxLjwdacF2DpSp7A+HLNSBu60Xg="},"lastRemoteEphemeralKey":"BUR3h+7MCssFWHbZvCU3OFfi5w/QbAZLBujv1SHTAZYz","previousCounter":0,"rootKey":"eL44Qsy3icfxcdfJuOKZtEqOJKynELdaXs/3zNhQ0CI="},"indexInfo":{"baseKey":"BR7dJZ3CEZhczItAsMRGfKBky8lePZT747DTD2KD93oA","baseKeyType":1,"closed":-1,"used":1753356485007,"created":1753356485007,"remoteIdentityKey":"BadtKxPC9N965VFJiK6Uw/qMjwdRV2vkrLxbwN9/+IgM"},"_chains":{"Bf5YzoGUVWTgH5ltVwqaoA7C7nKevkh1UFLfQVvhWe5f":{"chainKey":{"counter":0,"key":"Tqwm2gs0x2QBRq6j6zPjNXbzTHSu/K2NahCqD2LCeyk="},"chainType":1,"messageKeys":{}}},"pendingPreKey":{"signedKeyId":3,"baseKey":"BR7dJZ3CEZhczItAsMRGfKBky8lePZT747DTD2KD93oA","preKeyId":8253810}}},"version":"v1"}