{"_sessions":{"BYNXhrAPA5Vo56fQE/e88AwQD91h8Jz9J6y6SEr+Ma1s":{"registrationId":1023257676,"currentRatchet":{"ephemeralKeyPair":{"pubKey":"BXyHnWSpNHJGDYWFBWvlkkPZ3k1RSQ2sII5ntxGlS8ES","privKey":"WJsv8XgoAsObPKDE1ZXvOhnN63MdlyHr4zdnQrKgvkk="},"lastRemoteEphemeralKey":"BXaejoUzE2Lfa1+mtibVflqgoivjdbLXR8WMsaz+k9oB","previousCounter":0,"rootKey":"/u3MeQ7dyp2qy7fEtxg5jA5RMShQvpBFcgUsl9QsusE="},"indexInfo":{"baseKey":"BYNXhrAPA5Vo56fQE/e88AwQD91h8Jz9J6y6SEr+Ma1s","baseKeyType":1,"closed":-1,"used":1753356485003,"created":1753356485003,"remoteIdentityKey":"BVP/6c5FYBmTpPL2ODAOFS+n+2GGExRphLX0CN92IHlE"},"_chains":{"BXyHnWSpNHJGDYWFBWvlkkPZ3k1RSQ2sII5ntxGlS8ES":{"chainKey":{"counter":0,"key":"QtuadzfMRDfM459toK6mo4zOi9MsMehbl44Y2ntBnSA="},"chainType":1,"messageKeys":{}}},"pendingPreKey":{"signedKeyId":19,"baseKey":"BYNXhrAPA5Vo56fQE/e88AwQD91h8Jz9J6y6SEr+Ma1s","preKeyId":6515407}}},"version":"v1"}