{"_sessions":{"BZr+gXyeWeP6mmMUpiP3pvgAmBw4G14B8UeNQ06Q5Do7":{"registrationId":132021678,"currentRatchet":{"ephemeralKeyPair":{"pubKey":"BY6SmYu6NwM5obcKfRr4S2RiNE6PZp9oB6xNp4BfuWF7","privKey":"AKTrEL45EadHMVvr9VlYkmk8ZzNIUl0O96kaCHwc624="},"lastRemoteEphemeralKey":"BXdglgvUPwoorvqXjePH9h6MMxNtTHCQcpFxxevJ5kgr","previousCounter":0,"rootKey":"LMWoFH6++9KKaUi1IKDD/pUMpPjqlyqZQwsNw7Nk12w="},"indexInfo":{"baseKey":"BZr+gXyeWeP6mmMUpiP3pvgAmBw4G14B8UeNQ06Q5Do7","baseKeyType":1,"closed":-1,"used":1753358115892,"created":1753358115892,"remoteIdentityKey":"BRdn2sL3WDU0VH8goEFATa3R4AOnLXSwMcBp4pbb/DRO"},"_chains":{"BY6SmYu6NwM5obcKfRr4S2RiNE6PZp9oB6xNp4BfuWF7":{"chainKey":{"counter":1,"key":"MPDnOLA4F2h3meEOy1Z5QFjgvxHiC2lWCKL+9qNnZGA="},"chainType":1,"messageKeys":{}}},"pendingPreKey":{"signedKeyId":2,"baseKey":"BZr+gXyeWeP6mmMUpiP3pvgAmBw4G14B8UeNQ06Q5Do7","preKeyId":4814}}},"version":"v1"}