{"_sessions":{"Bdb/c9enCaRK/IxYI5s8esQb81Cr5yMAuI6Z77q0c5Em":{"registrationId":944326413,"currentRatchet":{"ephemeralKeyPair":{"pubKey":"BWNaxA7ZG7QVMQaQ8gwACTTvdqktEnQKMxXJUQil8sdK","privKey":"SI0Cp6vQ8PXDl9bZZPpB8QwBMT+ZOB0pAotfJNXs9GY="},"lastRemoteEphemeralKey":"BaXHk4i4ESMg5VhOLTSgbeVekPYtwFM+kLDx7y8wv/pf","previousCounter":0,"rootKey":"g+y/nlybdyZzzo9ezENw8ueC1WsknEluTpDIbHB/bXM="},"indexInfo":{"baseKey":"Bdb/c9enCaRK/IxYI5s8esQb81Cr5yMAuI6Z77q0c5Em","baseKeyType":1,"closed":-1,"used":1753358115993,"created":1753358115993,"remoteIdentityKey":"BR1qC1nvzwN2ZZxOjeFCpS2O1LVQJY7WXP+S4VGt9Zsg"},"_chains":{"BWNaxA7ZG7QVMQaQ8gwACTTvdqktEnQKMxXJUQil8sdK":{"chainKey":{"counter":1,"key":"hsDxfAmdAwcT6GI495d53jwUBca56x5M6CKhllczA7U="},"chainType":1,"messageKeys":{}}},"pendingPreKey":{"signedKeyId":16,"baseKey":"Bdb/c9enCaRK/IxYI5s8esQb81Cr5yMAuI6Z77q0c5Em","preKeyId":9455588}}},"version":"v1"}