{"_sessions":{"Bd+HuFaDqLS7J1r46RV6W6srC9MJ4sFFBM/UAVH1JqRJ":{"registrationId":1013726599,"currentRatchet":{"ephemeralKeyPair":{"pubKey":"BUpoRDzdLtXaMiWkw8C60KrP0cPjyR3FGmlmDsgSVq4a","privKey":"sF1/MkL6jijaL8DUPZxRMvV7TrecHssz4u+2A2ApWH0="},"lastRemoteEphemeralKey":"Bdiqs3PNCcaLz1jMqpYhHhf+0AGcT3Mgduh9e5rTAUsA","previousCounter":0,"rootKey":"imM1twPJS/KU4EwgwOU4QT1IsLu/nSry4qQag0FnvJU="},"indexInfo":{"baseKey":"Bd+HuFaDqLS7J1r46RV6W6srC9MJ4sFFBM/UAVH1JqRJ","baseKeyType":1,"closed":-1,"used":1753358116200,"created":1753358116200,"remoteIdentityKey":"BbPX9uGWtF5fo1uLwP/oY8nFlaK5H8r4KGnsI7SRiwon"},"_chains":{"BUpoRDzdLtXaMiWkw8C60KrP0cPjyR3FGmlmDsgSVq4a":{"chainKey":{"counter":1,"key":"8Wy+o7ryCiptb+STG5xbvNvqU9/FxrWbUK5Hp/ugz/o="},"chainType":1,"messageKeys":{}}},"pendingPreKey":{"signedKeyId":1,"baseKey":"Bd+HuFaDqLS7J1r46RV6W6srC9MJ4sFFBM/UAVH1JqRJ","preKeyId":12037117}}},"version":"v1"}