{"_sessions":{"Be048cQHXuSnrfE/w3yn07UTvdJ9PNUVqPqudHvYw6tP":{"registrationId":1373289023,"currentRatchet":{"ephemeralKeyPair":{"pubKey":"BRj3LtjfT9MOz3xtTGA3qRqPk7G6ztODPfLOJofU9wJP","privKey":"IEFD0Iy+CE8ZfSxXSx8PNNf4VZ7LD2SQBRQTRxWHmHE="},"lastRemoteEphemeralKey":"BWbcGbBzFQJm4uowSMyALOcq++tCYMomqhT22Rgk1G9T","previousCounter":2,"rootKey":"gJtctGoEPrbQWoRbxdAEEHEK5i5ziyluUSdCmRMukVU="},"indexInfo":{"baseKey":"Be048cQHXuSnrfE/w3yn07UTvdJ9PNUVqPqudHvYw6tP","baseKeyType":1,"closed":-1,"used":1753360166881,"created":1753358116497,"remoteIdentityKey":"BRWhxaqUh9YNYqtwJCEYLCGG7r9TgrAP/gFtTz4EFRgt"},"_chains":{"BWbcGbBzFQJm4uowSMyALOcq++tCYMomqhT22Rgk1G9T":{"chainKey":{"counter":1,"key":"7+xMBByfyBk2SPGGdhUrJAcUOl6wz0uFWxC+A/w3eg4="},"chainType":2,"messageKeys":{}},"BRj3LtjfT9MOz3xtTGA3qRqPk7G6ztODPfLOJofU9wJP":{"chainKey":{"counter":0,"key":"RZbWd5SeEa2BCNZA1Q+y7qbQyuRBgVtcVdCujsAnwBM="},"chainType":1,"messageKeys":{}}}}},"version":"v1"}