{"_sessions":{"BfvpeDPnpTSqpdcMCWQMqc3fTq3Qbsi1ZpWFPUQ9rzBi":{"registrationId":244528534,"currentRatchet":{"ephemeralKeyPair":{"pubKey":"BauLXXZgs5CUNpVq6WyekEMKOWcvLodf/wMejI85S7Jy","privKey":"gK/6BYJFeWLPFKrYgMBXqAOIrEzoNGdDTV6040pRJkg="},"lastRemoteEphemeralKey":"BXsuc/JoRISTDgZUI6CYLNZ2Ulz6sDBAlZnLergDfnxP","previousCounter":0,"rootKey":"WlYFkyKPCOgEV4Olf40ruFizJ+D85izli2EA3THe40g="},"indexInfo":{"baseKey":"BfvpeDPnpTSqpdcMCWQMqc3fTq3Qbsi1ZpWFPUQ9rzBi","baseKeyType":1,"closed":-1,"used":1753358116323,"created":1753358116323,"remoteIdentityKey":"BaC1pIO+ENdoOfMxhlAW6Skdz0rTHTztLtZopYR+Q/JR"},"_chains":{"BauLXXZgs5CUNpVq6WyekEMKOWcvLodf/wMejI85S7Jy":{"chainKey":{"counter":1,"key":"PtnOZvAc9BrefTBKXVl+mSXniZhqpisZyvIsOz69S0w="},"chainType":1,"messageKeys":{}}},"pendingPreKey":{"signedKeyId":8,"baseKey":"BfvpeDPnpTSqpdcMCWQMqc3fTq3Qbsi1ZpWFPUQ9rzBi","preKeyId":2761891}}},"version":"v1"}