{"_sessions":{"BSYDVI2pPVOFk/GSN/jWxSFpWT8N5uLlwl/po52R5ew/":{"registrationId":2094738957,"currentRatchet":{"ephemeralKeyPair":{"pubKey":"BbhI0jAg2kMM4YQ2NGou2ytAup+KG2F4BJ2gconLB257","privKey":"sKH0DU3pWLIv/oBm4tQAqrVnE18lF8DWGjyCIjnPM3E="},"lastRemoteEphemeralKey":"BbcNHCpWgfbXhkYbtD7AG1chCsNFuvN9GCYyb7VakgsK","previousCounter":0,"rootKey":"oVcFiaJa2ziE8NzFvWtit7DwWzJhxCJ/k9E03M5FAyA="},"indexInfo":{"baseKey":"BSYDVI2pPVOFk/GSN/jWxSFpWT8N5uLlwl/po52R5ew/","baseKeyType":1,"closed":1753357703811,"used":1753336679606,"created":1753335623626,"remoteIdentityKey":"BeAXbqBVPRVzxObbrtQYJ7WhbGyBRe+JqXA2J15xE3Iz"},"_chains":{"BbcNHCpWgfbXhkYbtD7AG1chCsNFuvN9GCYyb7VakgsK":{"chainKey":{"counter":0,"key":"hgbpFCiKIIKZV6sRg7wUg3qqZXHpt8nnGyeHnMXBrws="},"chainType":2,"messageKeys":{}},"BbhI0jAg2kMM4YQ2NGou2ytAup+KG2F4BJ2gconLB257":{"chainKey":{"counter":-1,"key":"uJIO749agbXYxwYcS9nSk4wfVzqj/wMh/ACPKA48bLM="},"chainType":1,"messageKeys":{}}}},"BTIntcmpFjT5HVIjW8T/KC3iUCc3psxqrFAhElAgrtQX":{"registrationId":671482754,"currentRatchet":{"ephemeralKeyPair":{"pubKey":"BWQgI6ef8cfOgRDlKxWjEYkNE++duROZ6UJaGcwz3fUZ","privKey":"oDUdgtGZyhhATrdH0T/jTGo8NEf1iuooTwNTDbj2m0E="},"lastRemoteEphemeralKey":"BZ0jhp/LL0WS6JKhdzzKB51yNleoY9ymKnK6pmHKWOMg","previousCounter":0,"rootKey":"ezKMx0uNfb9/oE7GgWBqZzt1o9Ct17AnZJ8IA/KzUek="},"indexInfo":{"baseKey":"BTIntcmpFjT5HVIjW8T/KC3iUCc3psxqrFAhElAgrtQX","baseKeyType":1,"closed":-1,"used":1753357703807,"created":1753357703807,"remoteIdentityKey":"BU8vsvTi8odBneEWFVmBJPWpQCLCPQF7k/5IvOjgEOhn"},"_chains":{"BWQgI6ef8cfOgRDlKxWjEYkNE++duROZ6UJaGcwz3fUZ":{"chainKey":{"counter":0,"key":"5jAS2z+uGnsFdobEkediR6fLN+7yI5S8VcEAnn9qtrc="},"chainType":1,"messageKeys":{}}},"pendingPreKey":{"signedKeyId":0,"baseKey":"BTIntcmpFjT5HVIjW8T/KC3iUCc3psxqrFAhElAgrtQX","preKeyId":8646945}}},"version":"v1"}