{"_sessions":{"BQ4kBCd+mhxN+jR/88cFt4KVz78PyiLIFdRY/ffN4dww":{"registrationId":12130,"currentRatchet":{"ephemeralKeyPair":{"pubKey":"BbIiI9MjGntHUTGuIWyYYp8aeQbdAx54v48Mv/nCdptW","privKey":"SHMrhU0CiSRkqKStiyITgzA6haWRkylPJaVBag7TE0A="},"lastRemoteEphemeralKey":"BbAxmCsQESf3/g30hpxRVgeQskxKJU+2G8YDWchWUKQM","previousCounter":0,"rootKey":"pw2IH3yjPsKKehY+A3rGjpIB7Ph2NMaC4fmeXJiRLZw="},"indexInfo":{"baseKey":"BQ4kBCd+mhxN+jR/88cFt4KVz78PyiLIFdRY/ffN4dww","baseKeyType":1,"closed":-1,"used":1753358115907,"created":1753358115907,"remoteIdentityKey":"BV3xrDOttY4avpgrPEqrFP7OBjSMX0Na0SmfWKGm8Dw2"},"_chains":{"BbIiI9MjGntHUTGuIWyYYp8aeQbdAx54v48Mv/nCdptW":{"chainKey":{"counter":1,"key":"hRk0FaATVT4LdMZXaisaqq+Ogo0N/wtSxJ2CcWiiPgk="},"chainType":1,"messageKeys":{}}},"pendingPreKey":{"signedKeyId":1,"baseKey":"BQ4kBCd+mhxN+jR/88cFt4KVz78PyiLIFdRY/ffN4dww","preKeyId":619}}},"version":"v1"}