{"_sessions":{"BU4E33IWqyCJxJNnawf5Q1hHerFQdGKidtisEzpW/BFC":{"registrationId":1659102866,"currentRatchet":{"ephemeralKeyPair":{"pubKey":"BZy5jTXzYtj2QtErGdvOpgaRhAbbIgeol5xuJOREivsq","privKey":"YC9yap40V5KY/XFJ/v37U981TeyPoP7hl91sUErGqEo="},"lastRemoteEphemeralKey":"BUzznS4hK00tXBafVfebsK2rUo8VfyPielYKOBxwQUhR","previousCounter":0,"rootKey":"9IyiyGX5Z3qzSQViVmItNgQOyZBzRzN0ypDb7zRvyGc="},"indexInfo":{"baseKey":"BU4E33IWqyCJxJNnawf5Q1hHerFQdGKidtisEzpW/BFC","baseKeyType":1,"closed":-1,"used":1753360733504,"created":1753360733504,"remoteIdentityKey":"BTK0P0F6vP8Ff1jgLJilF9VvQqyaMWvbZcsW77iFZ498"},"_chains":{"BZy5jTXzYtj2QtErGdvOpgaRhAbbIgeol5xuJOREivsq":{"chainKey":{"counter":0,"key":"VB3dapaD3eausT+WMY8wp9qlygX9/sAcBJUezvGjjr8="},"chainType":1,"messageKeys":{}}},"pendingPreKey":{"signedKeyId":0,"baseKey":"BU4E33IWqyCJxJNnawf5Q1hHerFQdGKidtisEzpW/BFC","preKeyId":5199728}}},"version":"v1"}