{"_sessions":{"BZ0V29gDX/r2fnCSvpr2CAFmsAGVmndJzhaL+TVwOAZ6":{"registrationId":2005435320,"currentRatchet":{"ephemeralKeyPair":{"pubKey":"Bf93e74SDp0MNCzYpjPpxEaCUJkmPUDlL7dEp16F775H","privKey":"OBwmVBpiN0/c27DlnNM72b4rL/MkYz9a5Z5B22Hu9mo="},"lastRemoteEphemeralKey":"BQ8rT9swJ8Y/T8YKg1/8SIOFBYolN+Z9dkjKSETm3AVS","previousCounter":0,"rootKey":"4tTtizyfOqQy8/M7JLB0STDKhpncG+Hm9cWTY0p3jfY="},"indexInfo":{"baseKey":"BZ0V29gDX/r2fnCSvpr2CAFmsAGVmndJzhaL+TVwOAZ6","baseKeyType":1,"closed":-1,"used":1753358116214,"created":1753358116214,"remoteIdentityKey":"BUbKVftb234JMer2X75LF/Zz9PeLm8iUniPJ3hJYSaY4"},"_chains":{"Bf93e74SDp0MNCzYpjPpxEaCUJkmPUDlL7dEp16F775H":{"chainKey":{"counter":1,"key":"bND7EcUqgwzxySS5efmdH9nvw+KnQSCGUOafXSZW1f8="},"chainType":1,"messageKeys":{}}},"pendingPreKey":{"signedKeyId":4,"baseKey":"BZ0V29gDX/r2fnCSvpr2CAFmsAGVmndJzhaL+TVwOAZ6","preKeyId":15209837}}},"version":"v1"}