{"_sessions":{"BXa9rb3KUILB7f4Fp8fHl52KkE6yZItVLIDdBOBJDlYO":{"registrationId":1017074358,"currentRatchet":{"ephemeralKeyPair":{"pubKey":"BQbi0HBoH/AsXsxRKKPB48UkK+wCI31xanE4AnRBcKU/","privKey":"QJcrg+TN6WnQeKP+AbGD3YzzY59ffSuyyTvnFk68Y0g="},"lastRemoteEphemeralKey":"BRMp7QzRq0x7re4EjWnBj/MHEC05E6yNYQxYnVSyoQk5","previousCounter":0,"rootKey":"h5o1RFYgMYZYT2A07ZA20D4Beqa/L85Bn7w8ELOka6E="},"indexInfo":{"baseKey":"BXa9rb3KUILB7f4Fp8fHl52KkE6yZItVLIDdBOBJDlYO","baseKeyType":1,"closed":-1,"used":1753356484998,"created":1753356484998,"remoteIdentityKey":"BX7siOXmzGDDwKxoti3TFGMFveqENaioojP4+pgFB0xF"},"_chains":{"BQbi0HBoH/AsXsxRKKPB48UkK+wCI31xanE4AnRBcKU/":{"chainKey":{"counter":0,"key":"7Wix5OXuXMLZQDsPNQyazA+G9UdMlRKwcHZsukI/yMU="},"chainType":1,"messageKeys":{}}},"pendingPreKey":{"signedKeyId":4,"baseKey":"BXa9rb3KUILB7f4Fp8fHl52KkE6yZItVLIDdBOBJDlYO","preKeyId":2899670}}},"version":"v1"}