{"_sessions":{"BTQcAj1SNVw4tkWiyrgGgBw48ZIzjr6fBC4TTn8t8IwQ":{"registrationId":171,"currentRatchet":{"ephemeralKeyPair":{"pubKey":"Bb/dCIqj1VOctYD5/kaoQgsvKFh2X6vsg8Ru/dUUqL9w","privKey":"gGz9K82ZBvG8nmO62vHx7lc2HkEA8xXsxRifA4JvRlM="},"lastRemoteEphemeralKey":"BUrItk0ripfAnZEVpl9XiiCwTbmS3k1cGroLCy6D68wQ","previousCounter":0,"rootKey":"MB6f12fuTUkFJ3Susb1TG8Bgyzb4ilLRRywirypAemk="},"indexInfo":{"baseKey":"BTQcAj1SNVw4tkWiyrgGgBw48ZIzjr6fBC4TTn8t8IwQ","baseKeyType":1,"closed":-1,"used":1753808866725,"created":1753808866725,"remoteIdentityKey":"BTE/emWzMrGSKN0nE0uphoIugd31Wm30+l/CClqlXFZx"},"_chains":{"Bb/dCIqj1VOctYD5/kaoQgsvKFh2X6vsg8Ru/dUUqL9w":{"chainKey":{"counter":0,"key":"zJD4SsFbqABC7wp8DNAq7bmKkYKEeT0liHJHEbbzh4Q="},"chainType":1,"messageKeys":{}}},"pendingPreKey":{"signedKeyId":1,"baseKey":"BTQcAj1SNVw4tkWiyrgGgBw48ZIzjr6fBC4TTn8t8IwQ"}}},"version":"v1"}