{"_sessions":{"BegrbhNMXFveA4JStDCpcNTDKAg3avPOK4HDthJVVY9j":{"registrationId":4389,"currentRatchet":{"ephemeralKeyPair":{"pubKey":"BfjhQjfAxDDhHzvpZ8QM/s8BnZzd3f5UL5hFcL1fcvcv","privKey":"sFssU6r22sf2LFVY9W/0R4+5Iehsz4yTI6C0R6kncn4="},"lastRemoteEphemeralKey":"BctyaVGVFyZIHOGq3Kh751Gff+XEZvaKW/BBrC2OCqAm","previousCounter":0,"rootKey":"J8MDzxRhHkkxiCYjU9T10SKRN/blkC7ITQmeHaLrWcc="},"indexInfo":{"baseKey":"BegrbhNMXFveA4JStDCpcNTDKAg3avPOK4HDthJVVY9j","baseKeyType":1,"closed":-1,"used":1753356485012,"created":1753356485012,"remoteIdentityKey":"BddGuC2cMvMcTPfMaCd/uHj7gSoFMPigLxiJjc87EWcI"},"_chains":{"BfjhQjfAxDDhHzvpZ8QM/s8BnZzd3f5UL5hFcL1fcvcv":{"chainKey":{"counter":0,"key":"NyOqyhZvuyFiWfViICpTimw7Ztw2r3dgT0B/+pv8q9g="},"chainType":1,"messageKeys":{}}},"pendingPreKey":{"signedKeyId":1,"baseKey":"BegrbhNMXFveA4JStDCpcNTDKAg3avPOK4HDthJVVY9j","preKeyId":149}}},"version":"v1"}