{"_sessions":{"BRpdQbvBSP9spW6lvH1Fmy3WJ4p+hS2MmHQ7QsHa7Llu":{"registrationId":1270412339,"currentRatchet":{"ephemeralKeyPair":{"pubKey":"BeZzAELmdS9wxmNBImjL0W0QYsCd88ILq6X6J1LsEwZm","privKey":"MEVHJYxEzgSwkVE2X2wuYjyIt9incZNXcZH2RmeMskU="},"lastRemoteEphemeralKey":"BQGjrETr+S5iN4k0hlv/tZOXcazoW6axQaspAATYfd1x","previousCounter":0,"rootKey":"sK5qT8K8fq7ULwg/M9JP1bWHrMtBHP/5o1dPtfPOpuk="},"indexInfo":{"baseKey":"BRpdQbvBSP9spW6lvH1Fmy3WJ4p+hS2MmHQ7QsHa7Llu","baseKeyType":1,"closed":-1,"used":1753358116205,"created":1753358116205,"remoteIdentityKey":"BXG9RqyXil+WyLdeVKbtxKQCK395hMF0D5BYZ3pPGEkA"},"_chains":{"BeZzAELmdS9wxmNBImjL0W0QYsCd88ILq6X6J1LsEwZm":{"chainKey":{"counter":1,"key":"0+CVPFNodCFIg97od4JACgK4bWg7egGvXVGV2aRftP8="},"chainType":1,"messageKeys":{}}},"pendingPreKey":{"signedKeyId":0,"baseKey":"BRpdQbvBSP9spW6lvH1Fmy3WJ4p+hS2MmHQ7QsHa7Llu","preKeyId":6393452}}},"version":"v1"}