{"_sessions":{"Bb1D/t4bKmbUbSUej//aY/TtqtCSkSs7Kl6q/4yr5LdO":{"registrationId":1831984031,"currentRatchet":{"ephemeralKeyPair":{"pubKey":"BTHx4cooF+/xZiXJ/PTp1LimJJqmBSAsQ5YE03veGEY0","privKey":"CELiSpnZ64gVHywxfphTvUH7htG7Z0P6Lhakaz+/onw="},"lastRemoteEphemeralKey":"BWcipRVc6YlZoPzJs6HfwqeF4vMl3HxnFGnhQwDYK/NK","previousCounter":0,"rootKey":"chwUfdFHsUFpvnLW4adpEp7S2o46jK4hQ7+6zx5c/Nc="},"indexInfo":{"baseKey":"Bb1D/t4bKmbUbSUej//aY/TtqtCSkSs7Kl6q/4yr5LdO","baseKeyType":1,"closed":-1,"used":1753358116513,"created":1753358116513,"remoteIdentityKey":"BbibjFx/NFhgv3XuKSWsmz3Jz/WNRXhqx8UukFLkakFr"},"_chains":{"BTHx4cooF+/xZiXJ/PTp1LimJJqmBSAsQ5YE03veGEY0":{"chainKey":{"counter":1,"key":"FC4oQkEykPTlzVHqvgAvOHfsH2c79PP1TVrPTvqWEaQ="},"chainType":1,"messageKeys":{}}},"pendingPreKey":{"signedKeyId":15614797,"baseKey":"Bb1D/t4bKmbUbSUej//aY/TtqtCSkSs7Kl6q/4yr5LdO","preKeyId":7457}}},"version":"v1"}