{"_sessions":{"BXnv6aK23FVzGKUzCxf84dEeu3y3EoLz12HleP5FpVlZ":{"registrationId":389865672,"currentRatchet":{"ephemeralKeyPair":{"pubKey":"BfVMjFlLFBITDJa3NpomS3TvFDAjCtbzN/tzuu/D0VBJ","privKey":"2IljGr9YcYwb9PW0o2TyaAZDo8YeQBhyPolXiUIgcGE="},"lastRemoteEphemeralKey":"BQDHNjU8Bs3jMUbh/VvTSWFqsLrBpwHeZc1IKVjKYusX","previousCounter":0,"rootKey":"sWXh2j55uDmUhA4SwZ/Kt8LjoXElMrC7EA77utl5zK4="},"indexInfo":{"baseKey":"BXnv6aK23FVzGKUzCxf84dEeu3y3EoLz12HleP5FpVlZ","baseKeyType":1,"closed":-1,"used":1753358116291,"created":1753358116291,"remoteIdentityKey":"BUsNO/kZ6+mXRgtQaxuc9GddWMh4QWeNT5n6cCBqahg5"},"_chains":{"BfVMjFlLFBITDJa3NpomS3TvFDAjCtbzN/tzuu/D0VBJ":{"chainKey":{"counter":1,"key":"xYEbPoqo9wmhcoqJkDK/rQ9kaghsF3Mnum9SG5DV3Fo="},"chainType":1,"messageKeys":{}}},"pendingPreKey":{"signedKeyId":5,"baseKey":"BXnv6aK23FVzGKUzCxf84dEeu3y3EoLz12HleP5FpVlZ","preKeyId":94603}}},"version":"v1"}