{"_sessions":{"BRVFNI5CHJZTjKOBNpQtA4ZCMFYQNCpg8IPWLAjXWHk5":{"registrationId":1462797765,"currentRatchet":{"ephemeralKeyPair":{"pubKey":"BU7WYS1F5yEiso2WFcSNC2NOfQyxzFZ8A0QZRSLHtdly","privKey":"GGIu6rXUi3Cs5cMPyPbfkmhh9D9/qz+tL2dRTyEW2WQ="},"lastRemoteEphemeralKey":"BRKFyY67yWITILcFke+V8Tcfjukmz8BE5uNTHKsemhAm","previousCounter":0,"rootKey":"8xRStaXqOh4QDg1AU6Jobzio3RRuCUNEDnWrsyd1iGM="},"indexInfo":{"baseKey":"BRVFNI5CHJZTjKOBNpQtA4ZCMFYQNCpg8IPWLAjXWHk5","baseKeyType":1,"closed":-1,"used":1753358116116,"created":1753358116116,"remoteIdentityKey":"BXSApK+UoPbKyhzOE7t9Q7JT5UdFvb8Av00joc5Qn69c"},"_chains":{"BU7WYS1F5yEiso2WFcSNC2NOfQyxzFZ8A0QZRSLHtdly":{"chainKey":{"counter":1,"key":"gU6z1312+hDt+yQPQUpV+lN4Jk/+OTDsvC0krh1ucTA="},"chainType":1,"messageKeys":{}}},"pendingPreKey":{"signedKeyId":1,"baseKey":"BRVFNI5CHJZTjKOBNpQtA4ZCMFYQNCpg8IPWLAjXWHk5","preKeyId":3273220}}},"version":"v1"}