{"_sessions":{"BRO9xDEz8Bvz6WPveJt/kwNrQxWCRw/p+pY3ia45Cm0x":{"registrationId":911562204,"currentRatchet":{"ephemeralKeyPair":{"pubKey":"BSM7/a3K1zk4B05CjRam9ljlhXiA8aKQp+Y3Qb4PaY1S","privKey":"2KeYhu1QAxICRxpZgSMwuVd1g8fR3DNeLIFLwEjooUE="},"lastRemoteEphemeralKey":"BdIqn5NaNSikobTRCUWWDGLis040+8ol1IpMVnGZCn9G","previousCounter":0,"rootKey":"yePVchmn0soLKsIZY79+Xd0xd/rK8OtFzcGlsT7mWFY="},"indexInfo":{"baseKey":"BRO9xDEz8Bvz6WPveJt/kwNrQxWCRw/p+pY3ia45Cm0x","baseKeyType":1,"closed":-1,"used":1753358116227,"created":1753358116227,"remoteIdentityKey":"BS6tccyewvBqN/tAWQ05jd4mSL0j92M14S+ngT5ziqtM"},"_chains":{"BSM7/a3K1zk4B05CjRam9ljlhXiA8aKQp+Y3Qb4PaY1S":{"chainKey":{"counter":1,"key":"9CnRfhSTiPFlq821TbvIWCVKYtUDkZ2EBpF9YDsltAY="},"chainType":1,"messageKeys":{}}},"pendingPreKey":{"signedKeyId":2,"baseKey":"BRO9xDEz8Bvz6WPveJt/kwNrQxWCRw/p+pY3ia45Cm0x","preKeyId":2649047}}},"version":"v1"}