{"_sessions":{"BSvR1ovhTUH/PjIJ9Bg+ToPhBuNG7BSoNJTIu5Ry6W9o":{"registrationId":579411094,"currentRatchet":{"ephemeralKeyPair":{"pubKey":"BTuo+oJt2xWf9ho8/ADXSYsSmyubAjQkZ52YhZpLVPJv","privKey":"eGPOT0mlMgIZmjpSMmOVmZ/ItXr8wkqOKN8gUR/vQ0M="},"lastRemoteEphemeralKey":"BYZACnjc93bAVIRQHAEs3gUWkcI0hhD2hS8/iO1o+9xG","previousCounter":0,"rootKey":"tay08Gn7zQd7r38kYS9XpkAH/7qbvtuq6l9/veDRtN8="},"indexInfo":{"baseKey":"BSvR1ovhTUH/PjIJ9Bg+ToPhBuNG7BSoNJTIu5Ry6W9o","baseKeyType":1,"closed":-1,"used":1753358115980,"created":1753358115980,"remoteIdentityKey":"BVVkRLFkcbyYztG5KxAq8/TUTo+jYpaTZm/uzJ1NjuwK"},"_chains":{"BTuo+oJt2xWf9ho8/ADXSYsSmyubAjQkZ52YhZpLVPJv":{"chainKey":{"counter":1,"key":"uF09NO74LU43NQYslLoGGKT1BoyXUfII/SudDNa8dmY="},"chainType":1,"messageKeys":{}}},"pendingPreKey":{"signedKeyId":6,"baseKey":"BSvR1ovhTUH/PjIJ9Bg+ToPhBuNG7BSoNJTIu5Ry6W9o","preKeyId":4033871}}},"version":"v1"}