{"_sessions":{"BTaaKEPKAfF43P9XUUcO78HxiuQXPnzvHhroR3La63Yn":{"registrationId":1370777748,"currentRatchet":{"ephemeralKeyPair":{"pubKey":"BfF4u/TV5RC5nl7RkKa1DcEFVliLaI70xcRfxqUw6XgA","privKey":"aKwp6moWLQu6xX8M4g5cPo4zxrcBwjktuY+TDTtSmnw="},"lastRemoteEphemeralKey":"BWIbd18UbkxZIfaBURBt0PrBPeVEbQ9KLgTt6RFL6y1D","previousCounter":0,"rootKey":"TEK13ay7xokRZlEQbnm1i4sVfyhtgy13wHCp7hf8JB0="},"indexInfo":{"baseKey":"BTaaKEPKAfF43P9XUUcO78HxiuQXPnzvHhroR3La63Yn","baseKeyType":1,"closed":-1,"used":1753358116013,"created":1753358116013,"remoteIdentityKey":"Bb4HIfoGkeNtX/ehGh6Z3Wwkuu8RmDJdgJlPODsPCjpy"},"_chains":{"BfF4u/TV5RC5nl7RkKa1DcEFVliLaI70xcRfxqUw6XgA":{"chainKey":{"counter":1,"key":"dBJ9+x7YEqSS5Gvo2ouukKJAxN1sXI9BbjGZ/HedA6c="},"chainType":1,"messageKeys":{}}},"pendingPreKey":{"signedKeyId":0,"baseKey":"BTaaKEPKAfF43P9XUUcO78HxiuQXPnzvHhroR3La63Yn","preKeyId":13905927}}},"version":"v1"}