{"_sessions":{"BTeJxS2e4CXWfyyYeusOpXwTue+zG3+5quEIoCe8zOZC":{"registrationId":916522823,"currentRatchet":{"ephemeralKeyPair":{"pubKey":"BRo6DcVY0SWzqsAsouhy4a/ffRjkL3pQVTLHh5z11YZF","privKey":"2HIuI5TebyymMwKYxrlFOpKmpyk/SDekcUXkQjRVekw="},"lastRemoteEphemeralKey":"BfW5Rcfw1sYsksacBwj/jLd65q8NM3fz2vU7VzYj46dr","previousCounter":0,"rootKey":"0AfqA60LlmsqYnVr4VYGW8dT83Qv5HnNaj+/EpbmMdk="},"indexInfo":{"baseKey":"BTeJxS2e4CXWfyyYeusOpXwTue+zG3+5quEIoCe8zOZC","baseKeyType":1,"closed":-1,"used":1753358116416,"created":1753358116416,"remoteIdentityKey":"BSNGm27QuIxYnP9pMc7v3NFvX2sBN0NX/NOruY8TEsgd"},"_chains":{"BRo6DcVY0SWzqsAsouhy4a/ffRjkL3pQVTLHh5z11YZF":{"chainKey":{"counter":1,"key":"DrlpPT9WHCwSUGpxscxrGT80LVAPv5shXIMloNntZbw="},"chainType":1,"messageKeys":{}}},"pendingPreKey":{"signedKeyId":3173177,"baseKey":"BTeJxS2e4CXWfyyYeusOpXwTue+zG3+5quEIoCe8zOZC","preKeyId":5812}}},"version":"v1"}