{"_sessions":{"BVfrZXIzkvUAaa+zDxjv3XWLyYQay7OnMMVw4+fEiCoG":{"registrationId":119757731,"currentRatchet":{"ephemeralKeyPair":{"pubKey":"BbG9MQfu9Im8NQ5P6YhcF6WL75yFkek9pE4xTtJCPUEK","privKey":"aPpw8cPVH5GljTIxLzZkqnaza7DpnGihItCPMTthz0Y="},"lastRemoteEphemeralKey":"BQ4qO1ZCjVJ/WjkocLpdrh34Sb/WxnCdrzVc+fZZ0CgX","previousCounter":0,"rootKey":"HbaH7ZyOdm8kKUK3juC0yCRYXLGGWIVJm/WWGnW3fLQ="},"indexInfo":{"baseKey":"BVfrZXIzkvUAaa+zDxjv3XWLyYQay7OnMMVw4+fEiCoG","baseKeyType":1,"closed":-1,"used":1753948390800,"created":1753948390800,"remoteIdentityKey":"BURivduU0pC5VnAIa6Hi48Gpbs/mJAH2UEvFaBZELp4I"},"_chains":{"BbG9MQfu9Im8NQ5P6YhcF6WL75yFkek9pE4xTtJCPUEK":{"chainKey":{"counter":0,"key":"eZvDIJEglfaPI68jrPur2BebyvZrMah5aIq6nimxRBo="},"chainType":1,"messageKeys":{}}},"pendingPreKey":{"signedKeyId":1,"baseKey":"BVfrZXIzkvUAaa+zDxjv3XWLyYQay7OnMMVw4+fEiCoG"}}},"version":"v1"}