{"_sessions":{"BXNr62dZoS1lQCFJZNDUS3yVcqQTUBZLvZ3Bo5Eb4d8e":{"registrationId":1972585230,"currentRatchet":{"ephemeralKeyPair":{"pubKey":"BX7rK0T+f9cDN8OSH/nzHVFdtRYlPxk3jgjtbbRz4sAf","privKey":"mPP91WM6Eclfg3wuuIP/7bceyxgJDt4GLTWZ3e1W6GE="},"lastRemoteEphemeralKey":"BV9GRUtjTeDVwos+NGqAio51qdg5AAG7sRuq42F25MI5","previousCounter":0,"rootKey":"OYfK4mVWHqJqWCzCzaEmIQQURilT6lkvGJLE9/KnSsQ="},"indexInfo":{"baseKey":"BXNr62dZoS1lQCFJZNDUS3yVcqQTUBZLvZ3Bo5Eb4d8e","baseKeyType":1,"closed":-1,"used":1753358116192,"created":1753358116192,"remoteIdentityKey":"BTic0vIqiGT0aECx1egEX8f1zsVFzST5y3NQgSd4ypcW"},"_chains":{"BX7rK0T+f9cDN8OSH/nzHVFdtRYlPxk3jgjtbbRz4sAf":{"chainKey":{"counter":1,"key":"DJO4ZHYEf+WXnDkOiMTj0uodOgghAbSvyS7RLt3VRhc="},"chainType":1,"messageKeys":{}}},"pendingPreKey":{"signedKeyId":13,"baseKey":"BXNr62dZoS1lQCFJZNDUS3yVcqQTUBZLvZ3Bo5Eb4d8e","preKeyId":2765289}}},"version":"v1"}