{"_sessions":{"BV4l9IYqc9XICqxz2OChO1WrFRgHlFKoTQF0p9KrU5xy":{"registrationId":1023257676,"currentRatchet":{"ephemeralKeyPair":{"pubKey":"BUNU0t8GTMnu/2g+8spFROYzcPeL5NIjwicbaO293rgq","privKey":"4AEIOL+D+tHhONIXzD+ZctgBVznA6rmx9qT4SeC/BGc="},"lastRemoteEphemeralKey":"BXaejoUzE2Lfa1+mtibVflqgoivjdbLXR8WMsaz+k9oB","previousCounter":0,"rootKey":"JPxSffC5N1C6+pNvHbpXc+tncDK+3Jwm81ncvWwN4aY="},"indexInfo":{"baseKey":"BV4l9IYqc9XICqxz2OChO1WrFRgHlFKoTQF0p9KrU5xy","baseKeyType":1,"closed":-1,"used":1753358116120,"created":1753358116120,"remoteIdentityKey":"BVP/6c5FYBmTpPL2ODAOFS+n+2GGExRphLX0CN92IHlE"},"_chains":{"BUNU0t8GTMnu/2g+8spFROYzcPeL5NIjwicbaO293rgq":{"chainKey":{"counter":2,"key":"p+pLZT2UD+K4RMul005t6Gabgk5bmuiDMf/RHrr/bKo="},"chainType":1,"messageKeys":{}}},"pendingPreKey":{"signedKeyId":19,"baseKey":"BV4l9IYqc9XICqxz2OChO1WrFRgHlFKoTQF0p9KrU5xy","preKeyId":6515414}}},"version":"v1"}