{"_sessions":{"BQG8znqKXRzx3X3NDYoFZf5XIPKpRelPNtSSMBYsh2lZ":{"registrationId":1018523019,"currentRatchet":{"ephemeralKeyPair":{"pubKey":"BX+lZwQrqZMTVWVZhLFvcHJJQt/TiaS7JiGvQwCFIDxc","privKey":"QJADwbShr0U1rNeeEtced9wFNX9uFuHIKkV96xGQSWc="},"lastRemoteEphemeralKey":"BQUIZbGYeQQw6koAuL15a9T3jn3RwKqQ3ILNDj1Z6NUA","previousCounter":0,"rootKey":"GP5xctLGlnamKUoEGEQqSC6VMNx4PTYxAcBgGBMA9Ak="},"indexInfo":{"baseKey":"BQG8znqKXRzx3X3NDYoFZf5XIPKpRelPNtSSMBYsh2lZ","baseKeyType":1,"closed":-1,"used":1753948390805,"created":1753948390805,"remoteIdentityKey":"BRTdudx6mofXOYBQezDuVvje8DCHjAiBRobVGrYdITIZ"},"_chains":{"BX+lZwQrqZMTVWVZhLFvcHJJQt/TiaS7JiGvQwCFIDxc":{"chainKey":{"counter":0,"key":"XGpKxtM4us0avNvMxtBMqCkHa4R1qjrZREnYt/pDpOg="},"chainType":1,"messageKeys":{}}},"pendingPreKey":{"signedKeyId":13107973,"baseKey":"BQG8znqKXRzx3X3NDYoFZf5XIPKpRelPNtSSMBYsh2lZ","preKeyId":3085}}},"version":"v1"}