{"_sessions":{"BYmQmN5uHtXipwzsC4hSYs89BMw1QY2oKjZNEWogm4RA":{"registrationId":2039713860,"currentRatchet":{"ephemeralKeyPair":{"pubKey":"Bb1ve2FoMzMW45M6OAZ+4VGbDWwJ1BZ24ODIpqXAmlMe","privKey":"8Iq8BPq+nDjpr7MmfjrH+eOES/jZKHZMT40k+B0Ew0w="},"lastRemoteEphemeralKey":"Bcwggx6UdY44DKdKbBz/6O2idqPaJ14DPV48fjN9qeI1","previousCounter":0,"rootKey":"ITV647OBPLx3STxvSghl5f9PZ5Nu3NDK6uvW5I1o34Q="},"indexInfo":{"baseKey":"BYmQmN5uHtXipwzsC4hSYs89BMw1QY2oKjZNEWogm4RA","baseKeyType":1,"closed":-1,"used":1753358116222,"created":1753358116222,"remoteIdentityKey":"BdyiK91bGbrRg2BzUDYYJ7NukBfjpxAD9aevfZEhd8Yn"},"_chains":{"Bb1ve2FoMzMW45M6OAZ+4VGbDWwJ1BZ24ODIpqXAmlMe":{"chainKey":{"counter":1,"key":"BOup++Z22eznQ8AClSwRfwviZYuifzkbUdf+Ba75mBI="},"chainType":1,"messageKeys":{}}},"pendingPreKey":{"signedKeyId":2,"baseKey":"BYmQmN5uHtXipwzsC4hSYs89BMw1QY2oKjZNEWogm4RA","preKeyId":3985633}}},"version":"v1"}