{"_sessions":{"BcEsli4ACgh6VTivhnZX/rUdZquftNZgGUtAFq5wvacZ":{"registrationId":1958226344,"currentRatchet":{"ephemeralKeyPair":{"pubKey":"BVYoUbdhS/UUpXLA5lM3lwmFM2YTsDQX0P8hq2n+ddZp","privKey":"SBt9LxoYrUQ22dZD6fn7a1uhGlxRvdF/oyOWn2FYfHg="},"lastRemoteEphemeralKey":"BT6XUwquFHVSnZ1iVpAwZJWYKpN+ky45/3NscNjd64gg","previousCounter":0,"rootKey":"KvA32PorNDDzCx9EwcQn4DAaMNRWcSv75XUxEeymocQ="},"indexInfo":{"baseKey":"BcEsli4ACgh6VTivhnZX/rUdZquftNZgGUtAFq5wvacZ","baseKeyType":1,"closed":-1,"used":1753358116331,"created":1753358116331,"remoteIdentityKey":"BQsqxvDn8YOQefAF93wb/OhjyTar/wYhSJA8DNsjwyAr"},"_chains":{"BVYoUbdhS/UUpXLA5lM3lwmFM2YTsDQX0P8hq2n+ddZp":{"chainKey":{"counter":1,"key":"DSc2FbyYEUBc+glqlyNQtK5RG01MEKW/cD5wNTjiM18="},"chainType":1,"messageKeys":{}}},"pendingPreKey":{"signedKeyId":15,"baseKey":"BcEsli4ACgh6VTivhnZX/rUdZquftNZgGUtAFq5wvacZ","preKeyId":9559998}}},"version":"v1"}