{"_sessions":{"Bc38kIdOb3wqoFEm5pz0ak/u025svlQWANLRVeWV9FJJ":{"registrationId":1322972985,"currentRatchet":{"ephemeralKeyPair":{"pubKey":"BdK+BR6ZJPLrDAre5NR8DcvYSn+o4kr88DRHu1rBBRZ7","privKey":"KEHf4iqXys1uVpPl6zghaeuOfQiOqdc4KBEB3COKNVk="},"lastRemoteEphemeralKey":"BZdJxAMakWZOk+ctH5xLAF8BnVQbaDCOQk1kofZOXPlv","previousCounter":0,"rootKey":"NNujI+hafdoaqAQXAZpBZsqAE+l08uGXhSV2KR7rTV0="},"indexInfo":{"baseKey":"Bc38kIdOb3wqoFEm5pz0ak/u025svlQWANLRVeWV9FJJ","baseKeyType":1,"closed":-1,"used":1753358115897,"created":1753358115897,"remoteIdentityKey":"BbE+0Q2xo+RftIuhvPD9ZnSnZCOfT299DGYUelLNfE86"},"_chains":{"BdK+BR6ZJPLrDAre5NR8DcvYSn+o4kr88DRHu1rBBRZ7":{"chainKey":{"counter":1,"key":"OjkfFJ7cXBLNiFOdGB9EGqREQTDGIpkYmppzjHvVWB8="},"chainType":1,"messageKeys":{}}},"pendingPreKey":{"signedKeyId":1,"baseKey":"Bc38kIdOb3wqoFEm5pz0ak/u025svlQWANLRVeWV9FJJ","preKeyId":1942750}}},"version":"v1"}