{"_sessions":{"BRJlN+sKrDhYAHdoCy+whQ/xBJNJKz3LM+HVaHtg9V5b":{"registrationId":123,"currentRatchet":{"ephemeralKeyPair":{"pubKey":"BcgxRcHECIVNCDiA+z/DstJJ7OpZuvqjd0EJ7X1j9Zwo","privKey":"uActA/O101pm9zr3AGUumStTIkOwt+iIhkQ11suR7VU="},"lastRemoteEphemeralKey":"BS/iHFl9D+updmMuIyoxxqcgzvkGHGh4LrvvO0nDu0go","previousCounter":0,"rootKey":"anQkNFiKYWdejucvxJk8w5ik3sfJyPfvQ7iTkkWTdk4="},"indexInfo":{"baseKey":"BRJlN+sKrDhYAHdoCy+whQ/xBJNJKz3LM+HVaHtg9V5b","baseKeyType":2,"closed":1753808840279,"used":1753808839781,"created":1753808839781,"remoteIdentityKey":"BSQVl/X0lKWpp0Wiy2G352n1vZqCOPXyxMJNavB6I+Nq"},"_chains":{"BS/iHFl9D+updmMuIyoxxqcgzvkGHGh4LrvvO0nDu0go":{"chainKey":{"counter":0,"key":"WTF9N1oM7iZTr9JJtZHB90ijV4j/4DHC83iFKXZkiUI="},"chainType":2,"messageKeys":{}},"BcgxRcHECIVNCDiA+z/DstJJ7OpZuvqjd0EJ7X1j9Zwo":{"chainKey":{"counter":-1,"key":"bzYInfbMzmjArJI23+Riqzx7cQhXrI7PyShY93sc4Xo="},"chainType":1,"messageKeys":{}}}},"BQ6jGhPsXMzfUbH6iVFlc6DHFXNjHNI2AZ9tyE4kZvVl":{"registrationId":123,"currentRatchet":{"ephemeralKeyPair":{"pubKey":"BZlfAGa4a08IxpNPLgf8xj1aRExAUCFmfx0yKwHGIwI0","privKey":"yJ3vRbvPqxydbjYqFCIujt9sAh4uR2KonrkyhqH3G1o="},"lastRemoteEphemeralKey":"BU128BrWfa+YFrCCzYON1ceIeqKaD9yKCCh5TEAk3UBj","previousCounter":0,"rootKey":"6ngf/6lpgScVIl3BHkOxZuVfM1R6Mt4p1xrvd/JwzsI="},"indexInfo":{"baseKey":"BQ6jGhPsXMzfUbH6iVFlc6DHFXNjHNI2AZ9tyE4kZvVl","baseKeyType":2,"closed":1753808840584,"used":1753808840285,"created":1753808840285,"remoteIdentityKey":"BSQVl/X0lKWpp0Wiy2G352n1vZqCOPXyxMJNavB6I+Nq"},"_chains":{"BU128BrWfa+YFrCCzYON1ceIeqKaD9yKCCh5TEAk3UBj":{"chainKey":{"counter":0,"key":"G3A8AZXBlaQ6gCMS+Ax9r+dXPdIlruLZJtRpd7ODqJY="},"chainType":2,"messageKeys":{}},"BZlfAGa4a08IxpNPLgf8xj1aRExAUCFmfx0yKwHGIwI0":{"chainKey":{"counter":-1,"key":"qI4M+EA0pkeodzIo+TLzbi0yuef6BwhYB/yklJlYQw4="},"chainType":1,"messageKeys":{}}}},"BaUvPfi5NeYp5eIH4LGBeXFM4OYaDs1Bb9s0puR4ur1P":{"registrationId":123,"currentRatchet":{"ephemeralKeyPair":{"pubKey":"BaWezFeHnoJwOnd896HNDKpiJ1NDnxpkX3vKMW86emhE","privKey":"APiEx233cUY/7TNNUv6+kkpmpo37JhKbV6sjyx+R7Ww="},"lastRemoteEphemeralKey":"BclWmleVOnMlmnAOzd9Vx0Pm3VH5b2tFYrUC1gBQrgVW","previousCounter":0,"rootKey":"ey3lvr74vThFpsIP0JKGkh8n9zZM6O99DIoHlUbR2pM="},"indexInfo":{"baseKey":"BaUvPfi5NeYp5eIH4LGBeXFM4OYaDs1Bb9s0puR4ur1P","baseKeyType":2,"closed":-1,"used":1753808840589,"created":1753808840589,"remoteIdentityKey":"BSQVl/X0lKWpp0Wiy2G352n1vZqCOPXyxMJNavB6I+Nq"},"_chains":{"BclWmleVOnMlmnAOzd9Vx0Pm3VH5b2tFYrUC1gBQrgVW":{"chainKey":{"counter":0,"key":"54seXS4aoIQCymEWcgY7uasWNJc1ml5hTZ0CWN6F1z8="},"chainType":2,"messageKeys":{}},"BaWezFeHnoJwOnd896HNDKpiJ1NDnxpkX3vKMW86emhE":{"chainKey":{"counter":0,"key":"KMgVjEEXVI5w2DU5uVdQ2c2OWOGbAgLz9AS57Pq1FJA="},"chainType":1,"messageKeys":{}}}}},"version":"v1"}