{"_sessions":{"Bb/YhKGpqo8966noWRNOi1rAJdt5vAuSsKNqCjp1ZtkJ":{"registrationId":1837332153,"currentRatchet":{"ephemeralKeyPair":{"pubKey":"BcTPwqj1ZHXyHoVWxs6oie++zcu76YOMutwNBPhfN/AE","privKey":"uHIIXKMzDKyoIutTZNISw9DJH6JjPG3yNX8cnSczBWU="},"lastRemoteEphemeralKey":"BUzZjygrXW6ecNwlCHcvEGAWL0I9rbHOUQhgARsZER9A","previousCounter":0,"rootKey":"MD0n1srB+pgscwlIGaDj5SMr/2Zt5G7PyECTibYd2Zo="},"indexInfo":{"baseKey":"Bb/YhKGpqo8966noWRNOi1rAJdt5vAuSsKNqCjp1ZtkJ","baseKeyType":1,"closed":-1,"used":1753358116009,"created":1753358116009,"remoteIdentityKey":"Bb1g6/NrGyOlSjPAzA5ArXGTbbrfY5Z/tFOx20ezOoRW"},"_chains":{"BcTPwqj1ZHXyHoVWxs6oie++zcu76YOMutwNBPhfN/AE":{"chainKey":{"counter":1,"key":"PPEov+KpeW77MqIOAZUCWHoV654BzoWSILXlWKyWxtw="},"chainType":1,"messageKeys":{}}},"pendingPreKey":{"signedKeyId":11649902,"baseKey":"Bb/YhKGpqo8966noWRNOi1rAJdt5vAuSsKNqCjp1ZtkJ","preKeyId":3121}}},"version":"v1"}