{"_sessions":{"BZRQL1XPkWYZXfK8nkjOWhPYnkJNHSQ5kUVeoia/cC5e":{"registrationId":10040,"currentRatchet":{"ephemeralKeyPair":{"pubKey":"BfvI2eDr1mWqlpwRHxCDbMtNo+VgPOcHX3pTkR9lHclM","privKey":"CLV1J/eKg2vthn6gyOUJjh5JeyroiDxpZXqC3pzBoWk="},"lastRemoteEphemeralKey":"BUj33zi3bgV/MmqtuCHvS/fClT5q8dherfWfQhUTbVYI","previousCounter":0,"rootKey":"KCpPJkXlzp7PhnQpkjrjd/1csKPkDj/+AVtSXgadI3w="},"indexInfo":{"baseKey":"BZRQL1XPkWYZXfK8nkjOWhPYnkJNHSQ5kUVeoia/cC5e","baseKeyType":1,"closed":-1,"used":1753358115884,"created":1753358115884,"remoteIdentityKey":"BUtcKsP7HUVe0EBwtwJgfpH0lJKid+3ejcy8Fz740LcT"},"_chains":{"BfvI2eDr1mWqlpwRHxCDbMtNo+VgPOcHX3pTkR9lHclM":{"chainKey":{"counter":1,"key":"ScTUOgyvGluxuQ9w8nyMsFuCkfUo3f5HiDqrEV7zAnM="},"chainType":1,"messageKeys":{}}},"pendingPreKey":{"signedKeyId":1,"baseKey":"BZRQL1XPkWYZXfK8nkjOWhPYnkJNHSQ5kUVeoia/cC5e","preKeyId":2070}}},"version":"v1"}