{"_sessions":{"BSyAz9YxtZVxyhylSv/aMjzEGGZWhw7KznZu/cZUjJVe":{"registrationId":325967408,"currentRatchet":{"ephemeralKeyPair":{"pubKey":"BS9AEuCBpYmCaQ3s6kFSPXBxGXpLnM1xY7oSbefjGhl7","privKey":"AFxV6uQnpXF0jcODw/tCkFOXlNEwilanmOsB1uvMXl4="},"lastRemoteEphemeralKey":"BciLNFAP2wIFOCvVlZlRHjQizXYxcxLuXxDugcZaSq5W","previousCounter":0,"rootKey":"flH7nNurHc6ftMPc3bDMVru5wlTDg26CzJVbB2v7fXs="},"indexInfo":{"baseKey":"BSyAz9YxtZVxyhylSv/aMjzEGGZWhw7KznZu/cZUjJVe","baseKeyType":1,"closed":-1,"used":1753358116480,"created":1753358116480,"remoteIdentityKey":"Be7RzNzYIg1sGkolvAjbU6vXKEocLWRijzGtI4o+wjQC"},"_chains":{"BS9AEuCBpYmCaQ3s6kFSPXBxGXpLnM1xY7oSbefjGhl7":{"chainKey":{"counter":1,"key":"jhWoyYlUP7VJfJ/2JQ8GKyjDG8lkgQeFqXQ2W2cw2uU="},"chainType":1,"messageKeys":{}}},"pendingPreKey":{"signedKeyId":5,"baseKey":"BSyAz9YxtZVxyhylSv/aMjzEGGZWhw7KznZu/cZUjJVe","preKeyId":15932034}}},"version":"v1"}