{"_sessions":{"Bf2PqctEmwOfE7XMuRsMQ6dRi9cSQuNh0F8SNhW9iAQ0":{"registrationId":159,"currentRatchet":{"ephemeralKeyPair":{"pubKey":"BRUKjRIJmfKiJVKPkRl/PCufCWF4uMMH+Iby1ISfRnAB","privKey":"mEO+gQ878QXDtu1f/BUXeg/aMiOTZyeBMD8SDCd7wlI="},"lastRemoteEphemeralKey":"BUGqbeAYP46rF8Gv3u1op/Isb2a5xacnvVg9SNcvvX18","previousCounter":0,"rootKey":"o2Yy7vIxn2aAVfwjC+c6/0f9WVCn3o/cICgnSTOdKZ8="},"indexInfo":{"baseKey":"Bf2PqctEmwOfE7XMuRsMQ6dRi9cSQuNh0F8SNhW9iAQ0","baseKeyType":1,"closed":-1,"used":1753808866732,"created":1753808866732,"remoteIdentityKey":"BbAZSxPVtbp7wI52r9aR2NxDn0dWNAnqMH6bkvQG/PFT"},"_chains":{"BRUKjRIJmfKiJVKPkRl/PCufCWF4uMMH+Iby1ISfRnAB":{"chainKey":{"counter":0,"key":"IZwdLqFkkvCIjj2FhvSJoOfkhw89b6zjLXXBYZl1nWc="},"chainType":1,"messageKeys":{}}},"pendingPreKey":{"signedKeyId":1,"baseKey":"Bf2PqctEmwOfE7XMuRsMQ6dRi9cSQuNh0F8SNhW9iAQ0"}}},"version":"v1"}