{"_sessions":{"BWYo98g5KARfOKgGP9FKLKNcr7S6vR3f/8Emcz/yrM1E":{"registrationId":79931440,"currentRatchet":{"ephemeralKeyPair":{"pubKey":"BVwL+OvtZswkwdwbmpI+zyNPvWVpRE3Sofvsy7QLeZ0B","privKey":"KD6dj3TVccPVT5IRKwEVE3g01prTla10x4jBCASnS1g="},"lastRemoteEphemeralKey":"BbI8Q8j2CvvFptL27fIuQ8PiLisRt1zhGfE2V5iWVwgY","previousCounter":0,"rootKey":"UJdYX+NXMgDpjQLVI0EzPWgZHsQR24hmkW8nFSPC41s="},"indexInfo":{"baseKey":"BWYo98g5KARfOKgGP9FKLKNcr7S6vR3f/8Emcz/yrM1E","baseKeyType":1,"closed":-1,"used":1753358116582,"created":1753358116582,"remoteIdentityKey":"BbOewqy/KITRIf/fol//nKGQa0oEWInBYTyeQYlScbsK"},"_chains":{"BVwL+OvtZswkwdwbmpI+zyNPvWVpRE3Sofvsy7QLeZ0B":{"chainKey":{"counter":1,"key":"EZBVIJHvbGMQLy71rlXUbKJ1V71hh0wNJSw6TaqM8P8="},"chainType":1,"messageKeys":{}}},"pendingPreKey":{"signedKeyId":11,"baseKey":"BWYo98g5KARfOKgGP9FKLKNcr7S6vR3f/8Emcz/yrM1E","preKeyId":10814432}}},"version":"v1"}