{"_sessions":{"BZvctjsE4gr0k7wCoRmO9ICmn4k8xL/0G9GYz3iDpQgy":{"registrationId":307170693,"currentRatchet":{"ephemeralKeyPair":{"pubKey":"BaN7EC07aD2FiSl9vNuXFeZXkjjIQ5dOn42UXtI6ExMV","privKey":"GFSQwK9HVbsiM9utmlcmOexftuZeI2gsheH7FM9D5Ww="},"lastRemoteEphemeralKey":"BUzakxfl8Lm9ptStYLrwrHwF08nCkpvYq4NGDYLknOMi","previousCounter":0,"rootKey":"RFqLuS6kFT9+iNClPK4AVYzensLdygBgFsSth02lahE="},"indexInfo":{"baseKey":"BZvctjsE4gr0k7wCoRmO9ICmn4k8xL/0G9GYz3iDpQgy","baseKeyType":1,"closed":-1,"used":1753358116404,"created":1753358116404,"remoteIdentityKey":"BSznFsZF8HNlTN80BOhjqWlLXtRczmfSPFu+Mv88a+l1"},"_chains":{"BaN7EC07aD2FiSl9vNuXFeZXkjjIQ5dOn42UXtI6ExMV":{"chainKey":{"counter":1,"key":"eX+z22Ht8hnfSFY/kKY79hwyP8nAvcnqEX1vIQprQAY="},"chainType":1,"messageKeys":{}}},"pendingPreKey":{"signedKeyId":16,"baseKey":"BZvctjsE4gr0k7wCoRmO9ICmn4k8xL/0G9GYz3iDpQgy","preKeyId":15345533}}},"version":"v1"}