{"_sessions":{"BXZUz3SKEBQ7aKkckIDWmnBXBFFQfCtGdN+fUQM8SdEt":{"registrationId":275689679,"currentRatchet":{"ephemeralKeyPair":{"pubKey":"BaxaW+c3gwPV4a5Ul7khTBGt/398cKVjL2wk1rOy6chv","privKey":"EGB3JydVLCMKKPMqH86J0A6wNRxCh+BxrRF2DRxGSUc="},"lastRemoteEphemeralKey":"BbMZHEwIyqIStTrkGxCmUbJ4dI4JVWO/62zKw92Ex1po","previousCounter":0,"rootKey":"4TH2xIBaYE/0UAEbpWUwbSE3c7grdq22Rp1ybXB4VF0="},"indexInfo":{"baseKey":"BXZUz3SKEBQ7aKkckIDWmnBXBFFQfCtGdN+fUQM8SdEt","baseKeyType":1,"closed":-1,"used":1753358116509,"created":1753358116509,"remoteIdentityKey":"BSaW8u2VCfM02WKAG06hH9BD6kO7jZ8g1MCalj+07u5i"},"_chains":{"BaxaW+c3gwPV4a5Ul7khTBGt/398cKVjL2wk1rOy6chv":{"chainKey":{"counter":1,"key":"74ZdxY+bqJPteumlQIenglEq3fK42j6dyhaZAshtw/A="},"chainType":1,"messageKeys":{}}},"pendingPreKey":{"signedKeyId":2,"baseKey":"BXZUz3SKEBQ7aKkckIDWmnBXBFFQfCtGdN+fUQM8SdEt","preKeyId":14400493}}},"version":"v1"}