{"_sessions":{"BWR7IPlKZgQulx2qRGQhligRi3fXoUAqHa2To6ShCuJF":{"registrationId":180248753,"currentRatchet":{"ephemeralKeyPair":{"pubKey":"BQPxnhLEp/gJtEeNSc+pT1xH2LrXPyS5PZVVFVBrFcgM","privKey":"sEEWqgwnLOtYscJt2AcDBzevmmKVejm1fD9j4war11I="},"lastRemoteEphemeralKey":"BYdLt4RvelQbX1Xq74MBo8aW67O0NBvFc5h+7XR3zFF8","previousCounter":0,"rootKey":"MwxrZLp7KTl+etztwPMK3oa75B/7xCuUFMruKNQ4Kw8="},"indexInfo":{"baseKey":"BWR7IPlKZgQulx2qRGQhligRi3fXoUAqHa2To6ShCuJF","baseKeyType":1,"closed":-1,"used":1753358116586,"created":1753358116586,"remoteIdentityKey":"Be5jLYfwffD5uHRp3bbElLH8YO8kKSr2iT9OgSpZgI9Q"},"_chains":{"BQPxnhLEp/gJtEeNSc+pT1xH2LrXPyS5PZVVFVBrFcgM":{"chainKey":{"counter":1,"key":"Kcer6jYKS0iVm+/EFjjpGeBuFlmEaV6dWoB5ge1yWoc="},"chainType":1,"messageKeys":{}}},"pendingPreKey":{"signedKeyId":14,"baseKey":"BWR7IPlKZgQulx2qRGQhligRi3fXoUAqHa2To6ShCuJF","preKeyId":5287979}}},"version":"v1"}