{"_sessions":{"BZ/Lku/azKNY4zsMRvMwrv1SSLaIVbzJ60kZTP9tFPkU":{"registrationId":2131296395,"currentRatchet":{"ephemeralKeyPair":{"pubKey":"Bewr4aefXVH+rtE3mmAMRb/+17DPUPsUw+rQH3aYr7cU","privKey":"eIbuwoE78R1qMtDGHC+PSboCS1ozwfx1tJTeL1ku71Q="},"lastRemoteEphemeralKey":"BVW9AeWeri6Ev7XyvF9/84az8i4+nC0YZ0OEvuiMlfJZ","previousCounter":0,"rootKey":"xLe8xJxIvP1lMlkA378CA+9rb67cI3zNcYguhtG49gc="},"indexInfo":{"baseKey":"BZ/Lku/azKNY4zsMRvMwrv1SSLaIVbzJ60kZTP9tFPkU","baseKeyType":1,"closed":-1,"used":1753948390794,"created":1753948390794,"remoteIdentityKey":"Bb8h07QsLIgDcaI0B2nC83FuPJyWTXJ/rLtsL5eTi1t4"},"_chains":{"Bewr4aefXVH+rtE3mmAMRb/+17DPUPsUw+rQH3aYr7cU":{"chainKey":{"counter":0,"key":"oaKn/AWZipooypwoU7H+Sr8zz9jWCQj+Mu2mwW0pTks="},"chainType":1,"messageKeys":{}}},"pendingPreKey":{"signedKeyId":19,"baseKey":"BZ/Lku/azKNY4zsMRvMwrv1SSLaIVbzJ60kZTP9tFPkU","preKeyId":12465362}}},"version":"v1"}