{"_sessions":{"BZKd8ZPyZr9xy8evW3ughZyiPTwmqIsUwhL9av9tyr1N":{"registrationId":1659286805,"currentRatchet":{"ephemeralKeyPair":{"pubKey":"BYzKkiFHb7+EwfSBuO5Tc1bgMZxvPi8wKSNpU5Niwx13","privKey":"UO6FR7cOrklVh4NLv1vliqSECSPDTy7HycU9/yBZ2mU="},"lastRemoteEphemeralKey":"BWUi325PVbKAYhpvcfK1hHy99wmE9giCEXzRJv5/e7lo","previousCounter":0,"rootKey":"QTij6FvZmfQzhgh0WqJ1SyNPVwARNPvpY2TNdsWcqYA="},"indexInfo":{"baseKey":"BZKd8ZPyZr9xy8evW3ughZyiPTwmqIsUwhL9av9tyr1N","baseKeyType":1,"closed":-1,"used":1753358116086,"created":1753358116086,"remoteIdentityKey":"BTZltlfPdmrLESABAnELjG9yRKdODlSujz60D9fBPlw/"},"_chains":{"BYzKkiFHb7+EwfSBuO5Tc1bgMZxvPi8wKSNpU5Niwx13":{"chainKey":{"counter":2,"key":"5jPGhW0gcmzNysb+q1vMnxolb0dYoPQd7bOF/NLxM9c="},"chainType":1,"messageKeys":{}}},"pendingPreKey":{"signedKeyId":0,"baseKey":"BZKd8ZPyZr9xy8evW3ughZyiPTwmqIsUwhL9av9tyr1N","preKeyId":14519678}}},"version":"v1"}