{"_sessions":{"BQ9yAVNgngQZFZfgKyNlcrJerBoZaLfW8yxGeTI70NZj":{"registrationId":1271455698,"currentRatchet":{"ephemeralKeyPair":{"pubKey":"BXlI8jlU033ZXLz8pMDufSucnEVBi2/plcOF4EkZHI0V","privKey":"EI7JFrNnwSWH61w4TWkrmZy/UOaZ0ZJTI5vWCnfuiEQ="},"lastRemoteEphemeralKey":"BZgTrPy+GYOsITaadcSiuxgqnnzj7sVo9rhqKUhDkRsq","previousCounter":0,"rootKey":"JmxvTbVztOiQCKKmE4H1rxw6mqY5BRTanyu0DPvgKgE="},"indexInfo":{"baseKey":"BQ9yAVNgngQZFZfgKyNlcrJerBoZaLfW8yxGeTI70NZj","baseKeyType":1,"closed":-1,"used":1753358116488,"created":1753358116488,"remoteIdentityKey":"BdlN/xURqS7laBmfadSZHGSoRfW4y2/Z7XM0wZE5gApV"},"_chains":{"BXlI8jlU033ZXLz8pMDufSucnEVBi2/plcOF4EkZHI0V":{"chainKey":{"counter":1,"key":"VOzhYubzckpMmbQR41xWmCIKR3OKG0YTFtlXxPoDlOU="},"chainType":1,"messageKeys":{}}},"pendingPreKey":{"signedKeyId":8,"baseKey":"BQ9yAVNgngQZFZfgKyNlcrJerBoZaLfW8yxGeTI70NZj","preKeyId":7876086}}},"version":"v1"}