{"_sessions":{"BUrwvmp637XEn75THsJmwsm/MuUNtmGzXwtB0jvQs09/":{"registrationId":212593144,"currentRatchet":{"ephemeralKeyPair":{"pubKey":"BRg849DLV28smOKFMWlI55ci38+91WQLxGbz5Iv46YQj","privKey":"aGJiKwghWuE26TGa2i9URrixNQ28PlddCQSXmo50yWc="},"lastRemoteEphemeralKey":"BZp/AiE5OqoWtXJeiWbJceOEQy9AS/gfUlBPbIUtP2RN","previousCounter":0,"rootKey":"XfnaBsSXBhRc0g12QwQAkGCiLq1oSFk/b+g8baFDjFY="},"indexInfo":{"baseKey":"BUrwvmp637XEn75THsJmwsm/MuUNtmGzXwtB0jvQs09/","baseKeyType":1,"closed":-1,"used":1753358116287,"created":1753358116287,"remoteIdentityKey":"BYSNtD+mfZD6Xuh9kNB6kafGWyawQPWqbZXOhgcHepYN"},"_chains":{"BRg849DLV28smOKFMWlI55ci38+91WQLxGbz5Iv46YQj":{"chainKey":{"counter":1,"key":"7C6t2qekoVW0bRihqn9i0XzIFyX/m9xoxU9KPHdrIUo="},"chainType":1,"messageKeys":{}}},"pendingPreKey":{"signedKeyId":19,"baseKey":"BUrwvmp637XEn75THsJmwsm/MuUNtmGzXwtB0jvQs09/","preKeyId":10149304}}},"version":"v1"}