{"_sessions":{"BQhG6PL2UcZusNN9D5iaEEWNEJyVH5w2bqOYmh4+M8F4":{"registrationId":550014430,"currentRatchet":{"ephemeralKeyPair":{"pubKey":"BaRn5rorwgU/zRx+Rf8Js4TEPeNdG0Ul/nSjL6fEI004","privKey":"IAsyR0KM0eWC9Lt8sGabeOxu9LN4xOJ6VZhmWBe/w3Y="},"lastRemoteEphemeralKey":"BcYyDM6Q88FZiacnMAJae0csNGQhuCx3bR7FsK3RBPF7","previousCounter":0,"rootKey":"GyAxYoTkv6TvlIJJYEADqKCAqqNrclsqFn3dlbHb1D4="},"indexInfo":{"baseKey":"BQhG6PL2UcZusNN9D5iaEEWNEJyVH5w2bqOYmh4+M8F4","baseKeyType":1,"closed":-1,"used":1753358115911,"created":1753358115911,"remoteIdentityKey":"BfSaypAYRpDrV8KZ83OpWL5uFtxtG2NEIwPrrxD9ec5q"},"_chains":{"BaRn5rorwgU/zRx+Rf8Js4TEPeNdG0Ul/nSjL6fEI004":{"chainKey":{"counter":1,"key":"jG3A+oiysPGWi9gSDvyu9HYNOHZx11xGpz5ecDOkFHk="},"chainType":1,"messageKeys":{}}},"pendingPreKey":{"signedKeyId":2,"baseKey":"BQhG6PL2UcZusNN9D5iaEEWNEJyVH5w2bqOYmh4+M8F4","preKeyId":7323806}}},"version":"v1"}