{"_sessions":{"BYCawmZoUjoh7klBmHBTE6UFC3TZMqF3NuqY5tOGWltg":{"registrationId":1899416049,"currentRatchet":{"ephemeralKeyPair":{"pubKey":"BXcSobbY09+gnx0OVWGFJHt1lmzubzR+IyBiJFtzg2lK","privKey":"oMkz5bUWzYOfMZUb5f97yqFTTX9dInXh4tiWeJF8/HQ="},"lastRemoteEphemeralKey":"BUYYmlHeklKkaa6UbrrfEEH7f3qeMrewSHPSP7ct5eot","previousCounter":0,"rootKey":"P1tNBrFx06fcESXzHFrxlB5/CZYE5GcgJ/fOYoUEv2o="},"indexInfo":{"baseKey":"BYCawmZoUjoh7klBmHBTE6UFC3TZMqF3NuqY5tOGWltg","baseKeyType":1,"closed":-1,"used":1753358116295,"created":1753358116295,"remoteIdentityKey":"BaQsBUJj4oo28KAcZZ/VtWwfnGz7M5KLdPkv7e1clYRn"},"_chains":{"BXcSobbY09+gnx0OVWGFJHt1lmzubzR+IyBiJFtzg2lK":{"chainKey":{"counter":1,"key":"DXM+xT+pebkn2/7wBEVf2Oor8HlLz7DLWJakzjS9siE="},"chainType":1,"messageKeys":{}}},"pendingPreKey":{"signedKeyId":18,"baseKey":"BYCawmZoUjoh7klBmHBTE6UFC3TZMqF3NuqY5tOGWltg","preKeyId":8287993}}},"version":"v1"}