{"_sessions":{"BaKZMe6aNwZpjtc23uTJG/JB2aB+YgGNydspCIUkBMhg":{"registrationId":616245873,"currentRatchet":{"ephemeralKeyPair":{"pubKey":"Bez7ymhfDa2XC9oWp9xYqWprovYONQIih9GDaY69fKYW","privKey":"sN6LKEf3VMF4Yxu3+yIQZ0Ouu0T65dWmjlTJbAyxKHA="},"lastRemoteEphemeralKey":"BfHPvvzPGapjULeXcR/UmZUVPK56Fn0ggGzDOxtBmZUx","previousCounter":0,"rootKey":"h4wKX6pPdslveJftAFEs+Xr/lxkvF+HWAhbxvxRywMs="},"indexInfo":{"baseKey":"BaKZMe6aNwZpjtc23uTJG/JB2aB+YgGNydspCIUkBMhg","baseKeyType":1,"closed":1754053579723,"used":1753335623631,"created":1753335623631,"remoteIdentityKey":"BddSALICHTo/PZ3ztddLx/JqOfaX7pm1XZOXKnATFRRW"},"_chains":{"Bez7ymhfDa2XC9oWp9xYqWprovYONQIih9GDaY69fKYW":{"chainKey":{"counter":2,"key":"4yz7oTgWjBERtInfROHGnkhPj0ZfI3Hbde/Yv30QAME="},"chainType":1,"messageKeys":{}}},"pendingPreKey":{"signedKeyId":0,"baseKey":"BaKZMe6aNwZpjtc23uTJG/JB2aB+YgGNydspCIUkBMhg","preKeyId":7180068}},"Ba9X/UDCTvJq4y/ujgu4UFK25Tqnb11hEIsENlaueqZu":{"registrationId":616245873,"currentRatchet":{"ephemeralKeyPair":{"pubKey":"BSbDRukv/64TwAwQb2HLAA+w1hSI0ZEScqKdnOgiXakS","privKey":"yKMVAeJTeJ60dDgxQk+68u6Q8PMtNlkmU34/5QkcR2Q="},"lastRemoteEphemeralKey":"BbElYWbh9QYU5Ftd2iVsggyWBqEPzST7unnwNjGpXas+","previousCounter":0,"rootKey":"Qg+N5/Rh5sNDseek7kr2SupxKG9RxBwAak/B8IcfyF4="},"indexInfo":{"baseKey":"Ba9X/UDCTvJq4y/ujgu4UFK25Tqnb11hEIsENlaueqZu","baseKeyType":2,"closed":-1,"used":1754053579728,"created":1754053579728,"remoteIdentityKey":"BddSALICHTo/PZ3ztddLx/JqOfaX7pm1XZOXKnATFRRW"},"_chains":{"BbElYWbh9QYU5Ftd2iVsggyWBqEPzST7unnwNjGpXas+":{"chainKey":{"counter":0,"key":"xlEzELElr8eGCi/tPGl94j6y793+i0hfdtUWHlt+E7E="},"chainType":2,"messageKeys":{}},"BSbDRukv/64TwAwQb2HLAA+w1hSI0ZEScqKdnOgiXakS":{"chainKey":{"counter":-1,"key":"LBfBQ1r/pr5TXNnNUrg0L0plnuagywwrroGOLwdSwe0="},"chainType":1,"messageKeys":{}}}}},"version":"v1"}