{"_sessions":{"BZLYna5Q1gTpJKW59O41kRh5eizYY3N7v4nY2kNi1Adw":{"registrationId":725570518,"currentRatchet":{"ephemeralKeyPair":{"pubKey":"BecRIE/8D/sz4biQu8g/tr2HQwIsjkNYc7Cu5HKE059M","privKey":"aCy9cN0/dLMK9iYim/DUzDCwzDe9qVU5lDyKFNc+Vko="},"lastRemoteEphemeralKey":"BZri6D5za1pkvXcVclgwZhNiUxrKFXGtWNm8ZkrjIBgU","previousCounter":0,"rootKey":"YJeb5eSCZZEJtMWAqxeBW1KEx8m8NqUpd/sOLV9ngOg="},"indexInfo":{"baseKey":"BZLYna5Q1gTpJKW59O41kRh5eizYY3N7v4nY2kNi1Adw","baseKeyType":1,"closed":-1,"used":1753358116310,"created":1753358116310,"remoteIdentityKey":"BVtaupq6tmYi2hSP6jUoQy0hdq9fShAMTbkaWOMsCuw+"},"_chains":{"BecRIE/8D/sz4biQu8g/tr2HQwIsjkNYc7Cu5HKE059M":{"chainKey":{"counter":1,"key":"cFVMXk6Qd4TmCRPJmuJ5kICxQMGloUABG4hms4PsBZM="},"chainType":1,"messageKeys":{}}},"pendingPreKey":{"signedKeyId":4,"baseKey":"BZLYna5Q1gTpJKW59O41kRh5eizYY3N7v4nY2kNi1Adw","preKeyId":3326787}}},"version":"v1"}