{"_sessions":{"BUXrmCE1mPq5ZprNXvub0hejra/KZJao9UU7DePlJs5T":{"registrationId":996957640,"currentRatchet":{"ephemeralKeyPair":{"pubKey":"BXhLDaR1ik6FePjTPFcKmjPYXXf3tw1DmGKy0SgPdpJw","privKey":"SE9wF9yag9cD1K64qeBPkEFus9/w6w+1/X6fW2rdgkU="},"lastRemoteEphemeralKey":"BbHrGeulOQPe4sUNqMH4qXC+thfovQHHOyBDrvgyIQM2","previousCounter":0,"rootKey":"dO6w9d5WEASGM/B+L4NTdOXCKxjmPlGGIO0YmfNUwLU="},"indexInfo":{"baseKey":"BUXrmCE1mPq5ZprNXvub0hejra/KZJao9UU7DePlJs5T","baseKeyType":1,"closed":-1,"used":1753358116327,"created":1753358116327,"remoteIdentityKey":"BWgoFAics5Wyh576dkIsPFCaLa80ZkPmBQsoNcVOrBIe"},"_chains":{"BXhLDaR1ik6FePjTPFcKmjPYXXf3tw1DmGKy0SgPdpJw":{"chainKey":{"counter":1,"key":"p4bTeEosFWH2dJAVYDRR2YnZrnn7QD2eOJy9K1xUgEI="},"chainType":1,"messageKeys":{}}},"pendingPreKey":{"signedKeyId":46,"baseKey":"BUXrmCE1mPq5ZprNXvub0hejra/KZJao9UU7DePlJs5T","preKeyId":3928680}}},"version":"v1"}