{"_sessions":{"BYdfm+oso66wbnUH6N/prIsy2kAKsWVUYF7YpKp+UnIt":{"registrationId":1659129000,"currentRatchet":{"ephemeralKeyPair":{"pubKey":"Be6u/+PUhQUq5RlrGXFDLPJqvH1XiGxcaAMQ9NPeREl+","privKey":"kEeVpbu5dqgnOiZ3951BYyY+H5JagiPl2zZ9NxF1Umg="},"lastRemoteEphemeralKey":"BS9hL8UyU5evfS3PbtInj1EzBHRFpMJ+pHoROuNB8esm","previousCounter":0,"rootKey":"jdF91DF7RAEzOTzBskxz0FxBK8PSPmi7rhccqncAOLg="},"indexInfo":{"baseKey":"BYdfm+oso66wbnUH6N/prIsy2kAKsWVUYF7YpKp+UnIt","baseKeyType":1,"closed":-1,"used":1753358116412,"created":1753358116412,"remoteIdentityKey":"Bb/eXSNCEsd1hdhNaG9MzNv0tMUCDvxTe6P7tgNc7Msv"},"_chains":{"Be6u/+PUhQUq5RlrGXFDLPJqvH1XiGxcaAMQ9NPeREl+":{"chainKey":{"counter":1,"key":"7DgbiHgsL8m9Xpw8mTCOA2yaWJojiXwVZ20E/5FPWBE="},"chainType":1,"messageKeys":{}}},"pendingPreKey":{"signedKeyId":4,"baseKey":"BYdfm+oso66wbnUH6N/prIsy2kAKsWVUYF7YpKp+UnIt","preKeyId":9840227}}},"version":"v1"}