{"_sessions":{"BTSBsg3EejfDkTtJZIDWy/3y5ycoLofH1IG/STbeRHoM":{"registrationId":1365686839,"currentRatchet":{"ephemeralKeyPair":{"pubKey":"BV3t0J9d1kpDSL4PUiJJQY/N8b1yWN1DDQwfuRQ9v7Nk","privKey":"UBCkOI2QLmOJHsvGUe724ovIV8lUZOWmobf0g7bLCHg="},"lastRemoteEphemeralKey":"BdB/w4PzKv+FI/r+KsnApYIfXtxtkRk4Bm7WxdmPF2A1","previousCounter":0,"rootKey":"HVheiwRLDNtJebEVSi/eHrWbq2NG/FUqLu+6OaMAQws="},"indexInfo":{"baseKey":"BTSBsg3EejfDkTtJZIDWy/3y5ycoLofH1IG/STbeRHoM","baseKeyType":1,"closed":-1,"used":1753360032929,"created":1753360032929,"remoteIdentityKey":"BWB6OsuFiI+NYfZC+EXs13Sfm5Kvry4VoJkiMKSQJLBL"},"_chains":{"BV3t0J9d1kpDSL4PUiJJQY/N8b1yWN1DDQwfuRQ9v7Nk":{"chainKey":{"counter":0,"key":"D9K11QoiTectMIePHI9Uk4gK+kf4eZ4dd2MvuWJV26Q="},"chainType":1,"messageKeys":{}}},"pendingPreKey":{"signedKeyId":1,"baseKey":"BTSBsg3EejfDkTtJZIDWy/3y5ycoLofH1IG/STbeRHoM"}}},"version":"v1"}