{"_sessions":{"BRPXov8AnuUYX3SS/i83ZIYh0GafWOmTR1kZCjTah+AP":{"registrationId":539993048,"currentRatchet":{"ephemeralKeyPair":{"pubKey":"BdR9hLr9Be0hCmgE59modJ7oVdB9maDyRp/ilRG3sC1k","privKey":"uP/B4k1a7ail+Zyd3+qeCpJbqqnxxA0tSTbBJ/wff1k="},"lastRemoteEphemeralKey":"Bb9KWgsysBLHxGnceUdsjiKJEGljZO0zvvOxNEMjHVpv","previousCounter":0,"rootKey":"enVD7Fx+t7LNFl0IOm8BQXOlDKFZbxSuT28OoeyIjJY="},"indexInfo":{"baseKey":"BRPXov8AnuUYX3SS/i83ZIYh0GafWOmTR1kZCjTah+AP","baseKeyType":1,"closed":-1,"used":1753358116283,"created":1753358116283,"remoteIdentityKey":"BZCCUZ6LnfTgbq4bpXLUGFYzUW8scYVyb+8KQ8p8qYQk"},"_chains":{"BdR9hLr9Be0hCmgE59modJ7oVdB9maDyRp/ilRG3sC1k":{"chainKey":{"counter":2,"key":"LTSTvMqvHdcHO5mRkmUqNwGrxKXMazTwwknYKEgem9I="},"chainType":1,"messageKeys":{}}},"pendingPreKey":{"signedKeyId":1,"baseKey":"BRPXov8AnuUYX3SS/i83ZIYh0GafWOmTR1kZCjTah+AP","preKeyId":6945271}}},"version":"v1"}