{"_sessions":{"BUUtwly/wMjW1E4GuahonAbCwlW2MVchdQzpW9/QFpoK":{"registrationId":805264119,"currentRatchet":{"ephemeralKeyPair":{"pubKey":"BQnIg0JZSfW8QWlrWkdeFAc9EjqBR+H7n5gJ3lHYaRQE","privKey":"eBaQuc8YzQRz4Nn26QEwKkzxANlRO3ZrZ42FnP6zRV0="},"lastRemoteEphemeralKey":"BQ/jh3mT5gQnZivHArwfPaGmf67LurbRoEUhUZtLf2Iu","previousCounter":0,"rootKey":"Lw8qbR5bLR14AtbxicptSh+zYEaerwoQ54MuadI/C0o="},"indexInfo":{"baseKey":"BUUtwly/wMjW1E4GuahonAbCwlW2MVchdQzpW9/QFpoK","baseKeyType":1,"closed":-1,"used":1753358116001,"created":1753358116001,"remoteIdentityKey":"BSVisIXQeRLwFwd1nEqyC+FcrKIlVOYOJqx3hevditRI"},"_chains":{"BQnIg0JZSfW8QWlrWkdeFAc9EjqBR+H7n5gJ3lHYaRQE":{"chainKey":{"counter":1,"key":"nkCvjhBvnDL5dbu7RzD056xrY/YPHKB1mItCjoPA+VU="},"chainType":1,"messageKeys":{}}},"pendingPreKey":{"signedKeyId":2,"baseKey":"BUUtwly/wMjW1E4GuahonAbCwlW2MVchdQzpW9/QFpoK","preKeyId":11155228}}},"version":"v1"}