{"_sessions":{"BWDUys98MVYDdr96A+LPssrTKVVyQ8Z9ZPKJTcCRs5Fp":{"registrationId":1569627905,"currentRatchet":{"ephemeralKeyPair":{"pubKey":"BV80uRmuaoY8/upF+UGUSA9MWtmoxWTUK2SF3AWxCKdL","privKey":"KMTlrzpvtmT9uifOGDqzvHpvEPyIMKGFMmUBWHZsp3k="},"lastRemoteEphemeralKey":"BWQv3Z8uEqkgGkCIbDVJhihEH9Av1TrgCvqm3+JNjGAF","previousCounter":0,"rootKey":"L8MvjySO6ry3JIZRuVTyVGFBRiAT1y6wFYbQcLsy6Hc="},"indexInfo":{"baseKey":"BWDUys98MVYDdr96A+LPssrTKVVyQ8Z9ZPKJTcCRs5Fp","baseKeyType":1,"closed":-1,"used":1753358116493,"created":1753358116493,"remoteIdentityKey":"Bd/0ihcyAlGPJQXdaS6NWJX0KN2F6k/ylLd+OCF2RedS"},"_chains":{"BV80uRmuaoY8/upF+UGUSA9MWtmoxWTUK2SF3AWxCKdL":{"chainKey":{"counter":1,"key":"wPipJGHcGFMTLmE5qKtCewQPk2hc0praYjmJQlPdKBI="},"chainType":1,"messageKeys":{}}},"pendingPreKey":{"signedKeyId":9,"baseKey":"BWDUys98MVYDdr96A+LPssrTKVVyQ8Z9ZPKJTcCRs5Fp","preKeyId":1307054}}},"version":"v1"}