{"_sessions":{"BQPqbxnP5huyUUqro/5HjCXOq5siMvOflL4ctJC9KOta":{"registrationId":376510470,"currentRatchet":{"ephemeralKeyPair":{"pubKey":"BXBUcSKNb99G3hbhD1vPZcsgwxzxQVfw0R6hWAKnMJBA","privKey":"iEMkGyLaw0r75KV4aBM/undJBhme0XBP0cH4dz5Z9kk="},"lastRemoteEphemeralKey":"BTrgLKFUN5B3rpYQm6C1TolwP5ZOggZqYlxM0wp4prpW","previousCounter":0,"rootKey":"7GUyfM4b+kyv8+mahv0hbqMp1w3kO/yJR7yKCkmZpYY="},"indexInfo":{"baseKey":"BQPqbxnP5huyUUqro/5HjCXOq5siMvOflL4ctJC9KOta","baseKeyType":1,"closed":-1,"used":1753358116319,"created":1753358116319,"remoteIdentityKey":"BSrqwZXOJ79xV22uLcnMIoKnQVsDO1ELmt19rZE2f3Qb"},"_chains":{"BXBUcSKNb99G3hbhD1vPZcsgwxzxQVfw0R6hWAKnMJBA":{"chainKey":{"counter":1,"key":"a973VJ3QCnZJ9/6KmUqYBBVWYQm9YOK8EHxU9FSz4v0="},"chainType":1,"messageKeys":{}}},"pendingPreKey":{"signedKeyId":57,"baseKey":"BQPqbxnP5huyUUqro/5HjCXOq5siMvOflL4ctJC9KOta","preKeyId":2462347}}},"version":"v1"}