{"_sessions":{"BccIT0iInBPqwu8OpkUWsJ3N1f4keDlCsh+wQ/rxJNc5":{"registrationId":177,"currentRatchet":{"ephemeralKeyPair":{"pubKey":"Bf0XuI5zh5sRMVkAcw/NqVwdpGgnrTErNxXUqjC2I4Zm","privKey":"KE0efYTfJIXbb5Y0RP1iPI0t8Mxx8XlJ8QLxFMiGQWw="},"lastRemoteEphemeralKey":"BSVqNDGylikYijHWsCK01k9/bW3PLjoWUZjSi1xMZigk","previousCounter":0,"rootKey":"ogdhhy+PBgm9rj3D+WRaB70/mptS7lv7ixBDKclgZZw="},"indexInfo":{"baseKey":"BccIT0iInBPqwu8OpkUWsJ3N1f4keDlCsh+wQ/rxJNc5","baseKeyType":1,"closed":-1,"used":1753358115887,"created":1753358115887,"remoteIdentityKey":"Bbmy8KrZlD36TTHZLnry1LZdqXRbgL7YJtMgCpkbL/tS"},"_chains":{"Bf0XuI5zh5sRMVkAcw/NqVwdpGgnrTErNxXUqjC2I4Zm":{"chainKey":{"counter":3,"key":"ENohFFPBlioArB240rZqgk7uKQ1OMNp0WWbmwtb0+zo="},"chainType":1,"messageKeys":{}}},"pendingPreKey":{"signedKeyId":1,"baseKey":"BccIT0iInBPqwu8OpkUWsJ3N1f4keDlCsh+wQ/rxJNc5"}}},"version":"v1"}