{"_sessions":{"BdiM4llg3hv1ptI3qSGQ54fd7Locp1DE//fF6uYJG7l/":{"registrationId":538702941,"currentRatchet":{"ephemeralKeyPair":{"pubKey":"BRTpkIiXpMcbjXeqwwgXebxu/XMcRxuVMVCTFoeiffRw","privKey":"0NW6sA1yfKm9XgAn/3eon3AFHBpKmvEIqGaTXjFzc2Y="},"lastRemoteEphemeralKey":"BexhTOpyrGZsCZPpSuUVw80Y+6tCesBuYSPApZiSVvV4","previousCounter":0,"rootKey":"mM1obo54MmQyY+C4vYmDyKCOOKLU7os/kV38Ugf7jHE="},"indexInfo":{"baseKey":"BdiM4llg3hv1ptI3qSGQ54fd7Locp1DE//fF6uYJG7l/","baseKeyType":1,"closed":-1,"used":1753358116590,"created":1753358116590,"remoteIdentityKey":"BaSXWZ7VpQYl3vLxpr1NPf+9MKzLpyA6l7q7XYmIX9gx"},"_chains":{"BRTpkIiXpMcbjXeqwwgXebxu/XMcRxuVMVCTFoeiffRw":{"chainKey":{"counter":1,"key":"idhdpD1pvgYvmEQDPVwJ5i0yI44Jq/ozmo7xrMReGUE="},"chainType":1,"messageKeys":{}}},"pendingPreKey":{"signedKeyId":2,"baseKey":"BdiM4llg3hv1ptI3qSGQ54fd7Locp1DE//fF6uYJG7l/"}}},"version":"v1"}