{"_sessions":{"BQV4MfSCvrEm8F2BduJIBX8G/3EwFCmCrXSfx+CNA/pQ":{"registrationId":27,"currentRatchet":{"ephemeralKeyPair":{"pubKey":"BUpBDawPqgur6eive9tqE8OS5siFNQpqaM1xEtKHnANA","privKey":"uFe4ioUMXBx1P0YGYKcHov2qGdvo4Q35JI7b9N8fvmo="},"lastRemoteEphemeralKey":"BS0S0oWyeyNWTcrbGRG7Ok2tUDO/VHAvYqTFg99GUBVq","previousCounter":0,"rootKey":"te7e/sY80uEt28zWdo9jSuW2zsZ1EZ2eTNYgwfXPIoE="},"indexInfo":{"baseKey":"BQV4MfSCvrEm8F2BduJIBX8G/3EwFCmCrXSfx+CNA/pQ","baseKeyType":2,"closed":1754224967700,"used":1754139917383,"created":1754139917383,"remoteIdentityKey":"BctDhsspDzJ2ghs/Rinp7AI6QrQnk3MZgelfmQ5LYR5q"},"_chains":{"BS0S0oWyeyNWTcrbGRG7Ok2tUDO/VHAvYqTFg99GUBVq":{"chainKey":{"counter":0,"key":"4NX1cIEooBkTE9UoZXcfbYymnlZhnEHl/5dLdSkoXbc="},"chainType":2,"messageKeys":{}},"BUpBDawPqgur6eive9tqE8OS5siFNQpqaM1xEtKHnANA":{"chainKey":{"counter":0,"key":"2ZukI6LfIJzronVHlrsyDRqroxXR0O/NlOwnHULG6qY="},"chainType":1,"messageKeys":{}}}},"BfUBqhklUgvZBkh6ngN7JSmA1PBJWVJXtQqTI/XIP7lA":{"registrationId":27,"currentRatchet":{"ephemeralKeyPair":{"pubKey":"BUwAV0CXtlknyVCt0sHhWFSjHw9hOdHygn5F70H1ZH8/","privKey":"kPr73NXBm25d26SsFmKixHCmFm5Hduh/5wFGzWjGm38="},"lastRemoteEphemeralKey":"BQcaxAqsp5oEL0YnXwD/Tca1i3O3mjcsyA+IWM4OrEg9","previousCounter":0,"rootKey":"a9xPwnJKfzwj2udYq3sugBnVe0RVrxEdfDzUaAHtPzg="},"indexInfo":{"baseKey":"BfUBqhklUgvZBkh6ngN7JSmA1PBJWVJXtQqTI/XIP7lA","baseKeyType":1,"closed":-1,"used":1754224967696,"created":1754224967696,"remoteIdentityKey":"BctDhsspDzJ2ghs/Rinp7AI6QrQnk3MZgelfmQ5LYR5q"},"_chains":{"BUwAV0CXtlknyVCt0sHhWFSjHw9hOdHygn5F70H1ZH8/":{"chainKey":{"counter":0,"key":"H1vpxyg2kB4zIu5luB+pFJ7IrtCkAlsxcdzGa6wV7Ic="},"chainType":1,"messageKeys":{}}},"pendingPreKey":{"signedKeyId":1,"baseKey":"BfUBqhklUgvZBkh6ngN7JSmA1PBJWVJXtQqTI/XIP7lA","preKeyId":130}}},"version":"v1"}