{"_sessions":{"BRzeiran4ot4F9dMXZNcyFRiaakKCy1NI5vMi6IfcXZB":{"registrationId":1300867102,"currentRatchet":{"ephemeralKeyPair":{"pubKey":"BcOUCWrsoy491FIKM0AORFgxd3knxCHohdP+svijgPo4","privKey":"qK/E/cfhAXmF6eLZglD7GcnJvtmNmRdHzQGtedhwM2s="},"lastRemoteEphemeralKey":"Bbt+b+IldrmMux7ulguaFmStTwlMWFu9pbRHiX00cldG","previousCounter":0,"rootKey":"tlERMEDaYc4bmw7nLHma4t1T3wNpQchlEbw1kk0dCEM="},"indexInfo":{"baseKey":"BRzeiran4ot4F9dMXZNcyFRiaakKCy1NI5vMi6IfcXZB","baseKeyType":1,"closed":-1,"used":1753358116021,"created":1753358116021,"remoteIdentityKey":"BUfAny+Fpo2JdJ5oAcV52L6FFvHT/U5WDubJLkS4RG16"},"_chains":{"BcOUCWrsoy491FIKM0AORFgxd3knxCHohdP+svijgPo4":{"chainKey":{"counter":1,"key":"W6ocO4nDqKH3d+k3/DCBZSowP+NG1KCV+98HhWOwxCs="},"chainType":1,"messageKeys":{}}},"pendingPreKey":{"signedKeyId":29,"baseKey":"BRzeiran4ot4F9dMXZNcyFRiaakKCy1NI5vMi6IfcXZB","preKeyId":4005555}}},"version":"v1"}