{"_sessions":{"BTX9fCz8RBqGE4Q89W9qx0GgQdPiKm6s+jFXPi1ZQDNA":{"registrationId":1346036027,"currentRatchet":{"ephemeralKeyPair":{"pubKey":"BchBZZjQZpeGt1T1RQX2rNu/VvwpI/RG1kajPpStN+dF","privKey":"KBZR34Sn0ujnVQD5Ky2HNJWh3pIr9fiaDRwll/iK41U="},"lastRemoteEphemeralKey":"BcJ6rVamq04VT8CiVdrEJUzCqonX/1gW1lFGW4hp7oIN","previousCounter":0,"rootKey":"WVpJqM+p8aagDfpXJSzdN48A6EBSfXOo4KHjO72HEkk="},"indexInfo":{"baseKey":"BTX9fCz8RBqGE4Q89W9qx0GgQdPiKm6s+jFXPi1ZQDNA","baseKeyType":1,"closed":-1,"used":1753358116196,"created":1753358116196,"remoteIdentityKey":"BR43j6ZhnwuN/SJ+uBr52i5Zg9vjALevp6k4rHW5bps4"},"_chains":{"BchBZZjQZpeGt1T1RQX2rNu/VvwpI/RG1kajPpStN+dF":{"chainKey":{"counter":1,"key":"RPeHLdVb82rw19yVTjxYPnn0vO//AeiRdWF7DTlxBn4="},"chainType":1,"messageKeys":{}}},"pendingPreKey":{"signedKeyId":1,"baseKey":"BTX9fCz8RBqGE4Q89W9qx0GgQdPiKm6s+jFXPi1ZQDNA","preKeyId":15496449}}},"version":"v1"}