{"_sessions":{"BbvSfFiMGqXWB6qLDd2Oe5e7u7qFmJ+Cui4YqjvfGTsZ":{"registrationId":264768571,"currentRatchet":{"ephemeralKeyPair":{"pubKey":"BXRut1eWC5JFQCahto57G64bJSZ1STUblDCFTE2r1msI","privKey":"UJtnuzangEoMH19cvY9oLR9uyBmSn7j6qSoTBK7Lhn8="},"lastRemoteEphemeralKey":"BbdGu1+Kgg0kQ2V/ZVUpRGg2ERTXvrW1Tspx7HEhBYND","previousCounter":0,"rootKey":"UiMFfW1oE31E3hUobGJcfZaW7xLEEztvB3nz54lJjZM="},"indexInfo":{"baseKey":"BbvSfFiMGqXWB6qLDd2Oe5e7u7qFmJ+Cui4YqjvfGTsZ","baseKeyType":1,"closed":-1,"used":1754214707794,"created":1753358115916,"remoteIdentityKey":"BcJbJLtn0HlmhGGzKtDJeyOjsvq0eZINck5i1fc71Dgv"},"_chains":{"BTRXLlvnIDOt4nj02sUXr3N1luHfXhLzIhN8GGSrU9Ab":{"chainKey":{"counter":0},"chainType":2,"messageKeys":{}},"BcfoKXKWHorRjt8f7newidVibMu8U3kRC8qAnCJTuMsP":{"chainKey":{"counter":0},"chainType":2,"messageKeys":{}},"BQjYdWDSsn2CyHSer8qj3WkzjcNmm2bGHv5peaTrv+02":{"chainKey":{"counter":71},"chainType":2,"messageKeys":{"23":"7tuhVuvXkrMykdJ49bAqn/1vP504NOXEZVR+SAVzFwU="}},"BbdGu1+Kgg0kQ2V/ZVUpRGg2ERTXvrW1Tspx7HEhBYND":{"chainKey":{"counter":13,"key":"7WawZ3J2P4vZ+1U8X5tElX5Ag09JrDofXajH8Mps/OQ="},"chainType":2,"messageKeys":{}},"BXRut1eWC5JFQCahto57G64bJSZ1STUblDCFTE2r1msI":{"chainKey":{"counter":0,"key":"Ie1wi2BslC8KHD31c3uYOB/C5imueGk8jycYMVXazb0="},"chainType":1,"messageKeys":{}}}}},"version":"v1"}