{"_sessions":{"BY+FhW3ib1/QjCO9twUpPDIRsnVOp37aidWd4L53JUAV":{"registrationId":512548682,"currentRatchet":{"ephemeralKeyPair":{"pubKey":"BRW/p+lF9OBYup/QbNPfh57AzNmVaH5UNV3AlfGYl3gu","privKey":"sL4PXHaSwnG3uB4ZkajFcKT4Lueyt+dDM0fnjovHtkc="},"lastRemoteEphemeralKey":"BT4/gDY1rGDCrmYcZH4hIufIOCVGfXEh3Gh2I4I4Bk0K","previousCounter":0,"rootKey":"tfcaSqw6mXkLI7OfJaArKLKIAdpKt1obJjEj4FUc2o0="},"indexInfo":{"baseKey":"BY+FhW3ib1/QjCO9twUpPDIRsnVOp37aidWd4L53JUAV","baseKeyType":1,"closed":-1,"used":1753358116184,"created":1753358116184,"remoteIdentityKey":"BX5QARXM7l2bUDc87fqGCC1cxFoTG63GoukI6KYFhBZI"},"_chains":{"BRW/p+lF9OBYup/QbNPfh57AzNmVaH5UNV3AlfGYl3gu":{"chainKey":{"counter":1,"key":"fnO+z8tY3/mnrnmWNGSZfU3/gL7/qEJ7IMZj8Ltk/Pk="},"chainType":1,"messageKeys":{}}},"pendingPreKey":{"signedKeyId":0,"baseKey":"BY+FhW3ib1/QjCO9twUpPDIRsnVOp37aidWd4L53JUAV","preKeyId":12336059}}},"version":"v1"}