{"_sessions":{"BeAA02Ne24/+FL3TQ7537oElBmHOim9l0iwtWZXIjmZ5":{"registrationId":1798311573,"currentRatchet":{"ephemeralKeyPair":{"pubKey":"BcZVmx+r8rdJbUJzPE7ro2JjDOJbkkSM6lSejdy3zJVe","privKey":"oDwLpfeRAkwvAi5WTnsF8lcQXeIxP1BGPtsE7zyHLWQ="},"lastRemoteEphemeralKey":"BVMiHvSsmDFSkwB5Wo7SjTPRvFe8CdImI+Q5wJCQxulO","previousCounter":0,"rootKey":"OA3GVb+Zg//AlZgs4AZ0iojQ8jd9WPmjIR5Ihc1V9Sc="},"indexInfo":{"baseKey":"BeAA02Ne24/+FL3TQ7537oElBmHOim9l0iwtWZXIjmZ5","baseKeyType":1,"closed":-1,"used":1753358116391,"created":1753358116391,"remoteIdentityKey":"BTc4iNIcwimgOwkDnKrMEyV6/GW7OvcaVis27EQ/g28t"},"_chains":{"BcZVmx+r8rdJbUJzPE7ro2JjDOJbkkSM6lSejdy3zJVe":{"chainKey":{"counter":1,"key":"m4Y9Wfso0YbkezPDQNS98e1mnH8t5stgtlJvx36LGpg="},"chainType":1,"messageKeys":{}}},"pendingPreKey":{"signedKeyId":0,"baseKey":"BeAA02Ne24/+FL3TQ7537oElBmHOim9l0iwtWZXIjmZ5","preKeyId":5071756}}},"version":"v1"}