{"_sessions":{"BbmudtDAKv9zQosMNBZTzE3bIYYnZ9zDdA6NvtxugDAC":{"registrationId":8001,"currentRatchet":{"ephemeralKeyPair":{"pubKey":"BRtiihPSaGdrME5HvU/YbTkKlXlSltDoYY8xLri6u0cw","privKey":"IM3mxOo/vHWqA4zozHAOemxrR/2pzi8+/anq1lugKV4="},"lastRemoteEphemeralKey":"BeyaqMHrU1i0HK7IyFCBuECSpcSzF+Zd6+R/H/4mnJca","previousCounter":0,"rootKey":"KC92pZXHoDym6/xnqleFyLCkGm3P0GPMOh4etZxFHUE="},"indexInfo":{"baseKey":"BbmudtDAKv9zQosMNBZTzE3bIYYnZ9zDdA6NvtxugDAC","baseKeyType":1,"closed":-1,"used":1753358115902,"created":1753358115902,"remoteIdentityKey":"BTHeH1P9zsddfia+DLR71b7aYI8pw+umjdZ6KUBbDWA3"},"_chains":{"BRtiihPSaGdrME5HvU/YbTkKlXlSltDoYY8xLri6u0cw":{"chainKey":{"counter":1,"key":"xalu7q38x4RguBX5NFV1m0lAkZcjzN2DWMPi4q+t+Lc="},"chainType":1,"messageKeys":{}}},"pendingPreKey":{"signedKeyId":3,"baseKey":"BbmudtDAKv9zQosMNBZTzE3bIYYnZ9zDdA6NvtxugDAC","preKeyId":1051}}},"version":"v1"}