{"_sessions":{"BaXfYwe/rX7ccVi3l53y5KyQ+FKH9GEdVcQaFJlQQS4N":{"registrationId":2003396558,"currentRatchet":{"ephemeralKeyPair":{"pubKey":"BTlCG9vglP0ltZiDTF2S1nDnY7o9VpO/ttVqsaRm9eAY","privKey":"IJ3ldT9etfssnEvPSSD56Uc/RfpmD56XT7KxUtuw72E="},"lastRemoteEphemeralKey":"BY5//bfAPecH0oNYldB1kRIa81rAqEEDvLHvCvN+VFEu","previousCounter":0,"rootKey":"i5ftV73a83zbDLTbqJccezBv7uDSBADS758bh7E1uaI="},"indexInfo":{"baseKey":"BaXfYwe/rX7ccVi3l53y5KyQ+FKH9GEdVcQaFJlQQS4N","baseKeyType":1,"closed":-1,"used":1753358116188,"created":1753358116188,"remoteIdentityKey":"BWbgVYDlI41FBfMQXE+QXT3gTXgjVZ1srpK0Tk70BtRk"},"_chains":{"BTlCG9vglP0ltZiDTF2S1nDnY7o9VpO/ttVqsaRm9eAY":{"chainKey":{"counter":2,"key":"NLwRKUwazycdSt+sSwWPef8RfQk8aWAQSy8yZW7NuRw="},"chainType":1,"messageKeys":{}}},"pendingPreKey":{"signedKeyId":0,"baseKey":"BaXfYwe/rX7ccVi3l53y5KyQ+FKH9GEdVcQaFJlQQS4N","preKeyId":2452070}}},"version":"v1"}