{"_sessions":{"BSRNxa0xLqSMvueHhagl1wWrOCAuUu1l3HiYVZbtIYgW":{"registrationId":870385232,"currentRatchet":{"ephemeralKeyPair":{"pubKey":"BexZ+eK/zuaI5WyyAeiKEvkXh1+KY6nAa+cNHKE2D4Ao","privKey":"+Cn30DhhP09Zb+RKad+d88995g62tyIbJiizG8ZUSWo="},"lastRemoteEphemeralKey":"BfZnePQIn0dw0Yk6r1q1Qjz2YoiZqXZ3cSD/2E2xiQY1","previousCounter":0,"rootKey":"VGRBgFsu2cWsJ7FmrDGtnMG/Z3pNhYbonfQ6lAYxQ6I="},"indexInfo":{"baseKey":"BSRNxa0xLqSMvueHhagl1wWrOCAuUu1l3HiYVZbtIYgW","baseKeyType":1,"closed":1754185322510,"used":1753808861653,"created":1753360733509,"remoteIdentityKey":"BQa0rnVzs7mRPMmiyAtaASZyCMKognb/us11hXg050EY"},"_chains":{"BfZnePQIn0dw0Yk6r1q1Qjz2YoiZqXZ3cSD/2E2xiQY1":{"chainKey":{"counter":0,"key":"nwUOPNj4hhqA6v3SxeEGmXpN35CXdUj8HNrTLQ0hnWY="},"chainType":2,"messageKeys":{}},"BexZ+eK/zuaI5WyyAeiKEvkXh1+KY6nAa+cNHKE2D4Ao":{"chainKey":{"counter":-1,"key":"cweAiTqb6bqT/1ZGgqoD4AhI6Iv9Hn48dKgJ5yvkj3E="},"chainType":1,"messageKeys":{}}}},"BTajmk32RZeBY7oB43D2zpnBfsPMMGnwq/iU6ZBjjQFz":{"registrationId":1842164185,"currentRatchet":{"ephemeralKeyPair":{"pubKey":"BXycu+cXO+SKYJ84K4SEHjqUmNEw+3Q44i7rexqd+0Et","privKey":"QJFscUalrGB1yP+H6TPNv/0HSlCS3/2Hb1DLngqM/0k="},"lastRemoteEphemeralKey":"BetFSLgtMVI4doK6w0WrKA0tKgBg8QTzlQeIa0EhnPZr","previousCounter":0,"rootKey":"mCNENmpc/04G+H8/UoSdfLY0gLF6eaNi5u0udM3xkb0="},"indexInfo":{"baseKey":"BTajmk32RZeBY7oB43D2zpnBfsPMMGnwq/iU6ZBjjQFz","baseKeyType":2,"closed":1754224962607,"used":1754185322518,"created":1754185322518,"remoteIdentityKey":"BcS2g2HpBYcZAitjrEfuy8dtHdMlEcHaLfZJXKitHaEX"},"_chains":{"BetFSLgtMVI4doK6w0WrKA0tKgBg8QTzlQeIa0EhnPZr":{"chainKey":{"counter":1,"key":"KuG3V1OKjNIEM24B2ZZWjxjPzSgH+WahKra29JkVfT8="},"chainType":2,"messageKeys":{}},"BXycu+cXO+SKYJ84K4SEHjqUmNEw+3Q44i7rexqd+0Et":{"chainKey":{"counter":-1,"key":"IXgzLGahejTmbsNqPw+f6TLW2etrQ08wZ2nBU8+Aw4g="},"chainType":1,"messageKeys":{}}}},"BfGA0uZ5d2GBaJueEh6vEFD5zxXRvG4tDhA5aaL8tshu":{"registrationId":1842164185,"currentRatchet":{"ephemeralKeyPair":{"pubKey":"BUfsleRAxDaI24KH286zhTWygL/8OyKzFeG3DIUxtFZG","privKey":"OA/sL89Nw7XHczrxgrO4ym2YeqErNpgqX8qsP2W8Nlg="},"lastRemoteEphemeralKey":"BR8K46b2HL45CDqrJPCJPdRDV6fH7zLJ5dexiNcxTdNN","previousCounter":0,"rootKey":"3o8HmVQQvhrmZx+hQYxe8lJlaNe+6v6WPZmQDtj9CPQ="},"indexInfo":{"baseKey":"BfGA0uZ5d2GBaJueEh6vEFD5zxXRvG4tDhA5aaL8tshu","baseKeyType":1,"closed":-1,"used":1754224962604,"created":1754224962604,"remoteIdentityKey":"BcS2g2HpBYcZAitjrEfuy8dtHdMlEcHaLfZJXKitHaEX"},"_chains":{"BUfsleRAxDaI24KH286zhTWygL/8OyKzFeG3DIUxtFZG":{"chainKey":{"counter":0,"key":"hYmLGYYJ47YKxHx0Ufdo5yRxHBRbTmPVd5W+3RAA/1E="},"chainType":1,"messageKeys":{}}},"pendingPreKey":{"signedKeyId":0,"baseKey":"BfGA0uZ5d2GBaJueEh6vEFD5zxXRvG4tDhA5aaL8tshu","preKeyId":7270003}}},"version":"v1"}