{"_sessions":{"BUMbRv6+DeQqRoNaiCHDAFVytrU0pFSDtc1zSr7FlTt/":{"registrationId":256320220,"currentRatchet":{"ephemeralKeyPair":{"pubKey":"BfQl5iiSq7aYoRZh4uXG47AbvLSSughrR/XZCx0nQpUE","privKey":"kID2VODhuJ/1sh3y7/VuQIc9nWipoxsU3iBG9eeniE8="},"lastRemoteEphemeralKey":"BQ37rSaUktFfMthUJtZKzBkTsfQYlITCxW9UP5iEE04i","previousCounter":0,"rootKey":"3Cq0ZSFOaZRVZX3oEB01DGo0dUbZZMBBpg+TgNPbawE="},"indexInfo":{"baseKey":"BUMbRv6+DeQqRoNaiCHDAFVytrU0pFSDtc1zSr7FlTt/","baseKeyType":1,"closed":-1,"used":1753358116314,"created":1753358116314,"remoteIdentityKey":"BaZaAMTs9t0CrVwBUeupoN0V5K3/ZQz48p+oKo182M85"},"_chains":{"BfQl5iiSq7aYoRZh4uXG47AbvLSSughrR/XZCx0nQpUE":{"chainKey":{"counter":1,"key":"CJPsIGqmvHKc5wz0ybz9Wi1ubZ04V/R6nEenJW0ofqE="},"chainType":1,"messageKeys":{}}},"pendingPreKey":{"signedKeyId":3,"baseKey":"BUMbRv6+DeQqRoNaiCHDAFVytrU0pFSDtc1zSr7FlTt/","preKeyId":3468805}}},"version":"v1"}