{"_sessions":{"Ba+n1xO5C9/fQjXOjUNmVmJYIDemQfy/ON+Mxo2RI58q":{"registrationId":644875288,"currentRatchet":{"ephemeralKeyPair":{"pubKey":"BWCVd8ULBm6bmsrAv1MA6iWVL6BfvwfXWTVKi9TEo/cx","privKey":"oNlciy50FFqqmPvSkQW03x7WBHTrAB6ApF1QgRBi8nk="},"lastRemoteEphemeralKey":"BccS+Kr/OaaCPV6PSJ+zmrXC/plTFafU7Np6ECqPlnYw","previousCounter":0,"rootKey":"c6amtB/3pD+gdBkNsc9mbRg0UJHLEVBB74gXelYWFlM="},"indexInfo":{"baseKey":"Ba+n1xO5C9/fQjXOjUNmVmJYIDemQfy/ON+Mxo2RI58q","baseKeyType":1,"closed":-1,"used":1753358116501,"created":1753358116501,"remoteIdentityKey":"BXT4Q5bG+m5RsKKNFqCKVTp0AnvkwW7Tw5842H374OkC"},"_chains":{"BWCVd8ULBm6bmsrAv1MA6iWVL6BfvwfXWTVKi9TEo/cx":{"chainKey":{"counter":1,"key":"Sddzhx1rs4A3upcKtxzPTOE/jjzMNAcnFPERHlqv4+E="},"chainType":1,"messageKeys":{}}},"pendingPreKey":{"signedKeyId":0,"baseKey":"Ba+n1xO5C9/fQjXOjUNmVmJYIDemQfy/ON+Mxo2RI58q","preKeyId":6996315}}},"version":"v1"}