{"_sessions":{"Bct3jcxjzYGxUnwopcpDdQ/WlQSt177noA7D3wFhQDlB":{"registrationId":541486221,"currentRatchet":{"ephemeralKeyPair":{"pubKey":"BZNqcCw8rrmqUjnMO+mUH8j/KtkHusSYMH2aykvGgnk3","privKey":"yCmLR6KmkCdrCzHZ/9ZjTdeo5l173dD1epvxKq3+c1s="},"lastRemoteEphemeralKey":"BZAPVpD1GWBBc2TDSCbJlur7ie75Wc5W+Veo7tTeCqAX","previousCounter":0,"rootKey":"Tt+OQP6I36jNMA0n4+BRkYtpuv/9XiZ5hBBbUxB4KU4="},"indexInfo":{"baseKey":"Bct3jcxjzYGxUnwopcpDdQ/WlQSt177noA7D3wFhQDlB","baseKeyType":2,"closed":1753359068393,"used":1753355654504,"created":1753335537790,"remoteIdentityKey":"BbcfsJHSeeb7DBx6VBm/hHCpD+httfWrHxlD7/M6NFIN"},"_chains":{"BYrBR7FGBo7I+bsSgAycTIVOjokCLEewRO/bJpyTq+UX":{"chainKey":{"counter":0},"chainType":2,"messageKeys":{}},"BZAPVpD1GWBBc2TDSCbJlur7ie75Wc5W+Veo7tTeCqAX":{"chainKey":{"counter":0,"key":"IUgp7cqzdOtA7BRnhMSdi3kXjIcvrmNsGu07meTaw0E="},"chainType":2,"messageKeys":{}},"BZNqcCw8rrmqUjnMO+mUH8j/KtkHusSYMH2aykvGgnk3":{"chainKey":{"counter":2,"key":"12eLAzmXXvLrrhfY+cofBEAigHXf+Nj7ubKOiXXcvjA="},"chainType":1,"messageKeys":{}}}},"BXBbUTq4WXkyMnbohBH1xgHvaeNUty4Ngb1TKsPNEio5":{"registrationId":541486221,"currentRatchet":{"ephemeralKeyPair":{"pubKey":"BZXGVterfd/0FjPkePHpDDJEB2rQOuzhFhIUUiVQvQUd","privKey":"+MbIPuRfyF+T/lakma+XngPYAK+WQ3DN8CEyLPrq/Xg="},"lastRemoteEphemeralKey":"BRiChlELi24A99t6KFOkTSwzTXEwGoYjZwxoedOlJqoz","previousCounter":0,"rootKey":"g7pXqxyHwjgi2D69EnllATU1IJQ6vPyt3eRTrh5R7ts="},"indexInfo":{"baseKey":"BXBbUTq4WXkyMnbohBH1xgHvaeNUty4Ngb1TKsPNEio5","baseKeyType":2,"closed":-1,"used":1753359068397,"created":1753359068397,"remoteIdentityKey":"BbcfsJHSeeb7DBx6VBm/hHCpD+httfWrHxlD7/M6NFIN"},"_chains":{"BRiChlELi24A99t6KFOkTSwzTXEwGoYjZwxoedOlJqoz":{"chainKey":{"counter":0,"key":"mPZTCqlRH8Uruzi1yoDzWqi5tqESU5brBULj6ywlJE0="},"chainType":2,"messageKeys":{}},"BZXGVterfd/0FjPkePHpDDJEB2rQOuzhFhIUUiVQvQUd":{"chainKey":{"counter":-1,"key":"yp6i3rwE0mBywXvuS8B437fL7UmhypHycKsXWEqQrwg="},"chainType":1,"messageKeys":{}}}}},"version":"v1"}