{"_sessions":{"BYvOWXS+3u832+KHOLfGvLr9KyFw33by0FuGJfZ0Gl1D":{"registrationId":551012056,"currentRatchet":{"ephemeralKeyPair":{"pubKey":"BTej7AxFU9nstEhHEQ9s6smHPXlbwDq/S2ppVdbA/ukI","privKey":"+HccoSy5sYw98mcYsLcJ/AWAUoXgU4xEc3A9xNQZ9UA="},"lastRemoteEphemeralKey":"BWgkzw0ahgmzTuKSX+DW5sjEIupyz9+wRlQ/7W2/Vi0x","previousCounter":0,"rootKey":"alwdWIcGLoi5S2tIT4jozjr0Sjyful01Is8GJQuUpr8="},"indexInfo":{"baseKey":"BYvOWXS+3u832+KHOLfGvLr9KyFw33by0FuGJfZ0Gl1D","baseKeyType":1,"closed":-1,"used":1753358116300,"created":1753358116300,"remoteIdentityKey":"BdkPhaTcdOuhwcFLeXX49HO6R0Fd/8FCV3PKMynn6PYV"},"_chains":{"BTej7AxFU9nstEhHEQ9s6smHPXlbwDq/S2ppVdbA/ukI":{"chainKey":{"counter":2,"key":"aVb1xjAHza1dmhKGLv6aPIMzaOkW1wqHaZxYSB2SCCg="},"chainType":1,"messageKeys":{}}},"pendingPreKey":{"signedKeyId":3,"baseKey":"BYvOWXS+3u832+KHOLfGvLr9KyFw33by0FuGJfZ0Gl1D","preKeyId":5875297}}},"version":"v1"}