{"_sessions":{"BYTXNmVemnPZZRqnp+qVizELTYl0AQsY4VhwUuc4BSdx":{"registrationId":208117308,"currentRatchet":{"ephemeralKeyPair":{"pubKey":"Bf+/QFEWNJBF7WJsRlhOgSZ7xpiN28C/6dBeKW7F78If","privKey":"wBYR1gCn/POBWKJIY50Q4Hajve2nGivhLryDSWRKKnU="},"lastRemoteEphemeralKey":"BfCwQ0QFV33qTqZbOPMeSbwPkivh7BYunhOhHSmcCVxc","previousCounter":0,"rootKey":"/ur5uPiOJI8G8cNe6p4NGb+PeeyBYmiCN7fJvqgLeJk="},"indexInfo":{"baseKey":"BYTXNmVemnPZZRqnp+qVizELTYl0AQsY4VhwUuc4BSdx","baseKeyType":1,"closed":-1,"used":1753358116107,"created":1753358116107,"remoteIdentityKey":"BeuvbQElQ2HNGvfeFtlYtE0ani5HHhYXbMKQZIx2EvsK"},"_chains":{"Bf+/QFEWNJBF7WJsRlhOgSZ7xpiN28C/6dBeKW7F78If":{"chainKey":{"counter":1,"key":"hQuO/s7EBR9C0rfcP9G02T/bHtmmC3a+0dfM0e9vVQM="},"chainType":1,"messageKeys":{}}},"pendingPreKey":{"signedKeyId":10595378,"baseKey":"BYTXNmVemnPZZRqnp+qVizELTYl0AQsY4VhwUuc4BSdx","preKeyId":15528}}},"version":"v1"}