{"_sessions":{"BVvZWLscmyrKzPKbDHSVVncvOnlzjZgApj0Rnq558WhM":{"registrationId":628409606,"currentRatchet":{"ephemeralKeyPair":{"pubKey":"Bfm2OWp+9O+DviNZ7F95FJoFBYT9NMwsVxQAl6B+so5W","privKey":"0NKFmXvdHByKFaq57LM5YN/PbwQ1YBAhnlcpbnVir30="},"lastRemoteEphemeralKey":"BRihoB3bdmTXpbpZ3h/Eto+9FfIHwmsLS+nwfwnIm8dP","previousCounter":0,"rootKey":"5KETM+CKTqDTUrfDzPan5XCn2ysQ1SZQnsaTTzwmIh4="},"indexInfo":{"baseKey":"BVvZWLscmyrKzPKbDHSVVncvOnlzjZgApj0Rnq558WhM","baseKeyType":1,"closed":-1,"used":1753358116525,"created":1753358116525,"remoteIdentityKey":"BTnHrCI7fG7sswwNMV5hZtMleDzquRd7B8xVvZozsK4f"},"_chains":{"Bfm2OWp+9O+DviNZ7F95FJoFBYT9NMwsVxQAl6B+so5W":{"chainKey":{"counter":1,"key":"xVgL2wYHsXYqfEwPrD2zgaeGNDsbNflb9heM6e0rK0A="},"chainType":1,"messageKeys":{}}},"pendingPreKey":{"signedKeyId":2,"baseKey":"BVvZWLscmyrKzPKbDHSVVncvOnlzjZgApj0Rnq558WhM","preKeyId":7990053}}},"version":"v1"}