{"_sessions":{"BRTOclp9W0z2x5/3JO0nwQkldrRq7n73/lUetJl2Qhpz":{"registrationId":1080841727,"currentRatchet":{"ephemeralKeyPair":{"pubKey":"BdxgT6+4BDcxNd94KwANcQzYodJAD+GcpVeQiSGnb0gI","privKey":"2NrIu2OYx6MaPEpL+PeKnjEGGuEHA9yfjMjN3bRfkkg="},"lastRemoteEphemeralKey":"BcvlUqQvYFUV7Z974YPjMKka+QJnqUcvsIQIhuOIb2dd","previousCounter":0,"rootKey":"h9M62aUw9Ys1QFw/aWiPI3X/37iGMMEXVfqVXAaUHvg="},"indexInfo":{"baseKey":"BRTOclp9W0z2x5/3JO0nwQkldrRq7n73/lUetJl2Qhpz","baseKeyType":1,"closed":-1,"used":1753358116103,"created":1753358116103,"remoteIdentityKey":"BdHayD+1x17F0Zhgr90YndKM+z7JRt4fmsJkX73VRfYL"},"_chains":{"BdxgT6+4BDcxNd94KwANcQzYodJAD+GcpVeQiSGnb0gI":{"chainKey":{"counter":1,"key":"d6LN8lXvmpjwNwESHmJlVoCoCx+lgggzq1rur2a4QSc="},"chainType":1,"messageKeys":{}}},"pendingPreKey":{"signedKeyId":1,"baseKey":"BRTOclp9W0z2x5/3JO0nwQkldrRq7n73/lUetJl2Qhpz","preKeyId":7561613}}},"version":"v1"}