{"_sessions":{"BbHXeyAO8tXIQDi4SN4cYrUzwcYNZpn54seTbWIrIGgk":{"registrationId":541486221,"currentRatchet":{"ephemeralKeyPair":{"pubKey":"BVLspaMT6GB9Ud26H2qQBN1OXLIeNLSAefjYB5+fMsx4","privKey":"gJEkIIFa2lEfDcVNDkTmjmAMF45yaGgX1htz8sSPH38="},"lastRemoteEphemeralKey":"BRPYLPFk/ETb17sAOse3fPd5DZsFT7Pd53+yS+xj4WZB","previousCounter":0,"rootKey":"xOI7kWywV70cauinSsvt+V5pkJ0BpAxf2Tx3+a5gGJg="},"indexInfo":{"baseKey":"BbHXeyAO8tXIQDi4SN4cYrUzwcYNZpn54seTbWIrIGgk","baseKeyType":2,"closed":1753360031799,"used":1753358132805,"created":1753358111265,"remoteIdentityKey":"BbcfsJHSeeb7DBx6VBm/hHCpD+httfWrHxlD7/M6NFIN"},"_chains":{"BZ9gOul5ZpwnCZdY+u49RiKeZXKq5PQoLwPhZ3A37Hlf":{"chainKey":{"counter":0},"chainType":2,"messageKeys":{}},"BRPYLPFk/ETb17sAOse3fPd5DZsFT7Pd53+yS+xj4WZB":{"chainKey":{"counter":0,"key":"80XgvshfGPXXkcmTQ5xJjUKPSC3wLHkETsnJPrcbo2c="},"chainType":2,"messageKeys":{}},"BVLspaMT6GB9Ud26H2qQBN1OXLIeNLSAefjYB5+fMsx4":{"chainKey":{"counter":0,"key":"jsFvBNs9lj8S1Dxnw5yqOcNtsFTPNjLNcOskh0Dyk80="},"chainType":1,"messageKeys":{}}}},"BY8KQ/F9vMUOikF+BZT66Viq6IaXvveRFFTj7BIt6hov":{"registrationId":541486221,"currentRatchet":{"ephemeralKeyPair":{"pubKey":"BZYkaQ0FF0U3qnrINyiXGi+9E7ffdT/KRgbd839v2wpI","privKey":"sHiuMRqv4BjZ7UNXV6dOlO+iBZtVzj5XAeaTEUtefFQ="},"lastRemoteEphemeralKey":"BXa0D1GBskxLLdLPvGrtPWzCXJoZiiNiilYFAeszVhUH","previousCounter":0,"rootKey":"4hudUpJecd8O7fuhSK+GceHY5Pvfy99yeL+r4EOTq6s="},"indexInfo":{"baseKey":"BY8KQ/F9vMUOikF+BZT66Viq6IaXvveRFFTj7BIt6hov","baseKeyType":2,"closed":1753360037270,"used":1753360036525,"created":1753360031803,"remoteIdentityKey":"BbcfsJHSeeb7DBx6VBm/hHCpD+httfWrHxlD7/M6NFIN"},"_chains":{"BUI9W8yUnc7EaPhudFel2eeIOH7pNX9QeWPCat6ZYvk6":{"chainKey":{"counter":0},"chainType":2,"messageKeys":{}},"BXa0D1GBskxLLdLPvGrtPWzCXJoZiiNiilYFAeszVhUH":{"chainKey":{"counter":0,"key":"ywF2x6p/vVNp3NJrdLNeiQj3UfztNhGaex61X9jnklU="},"chainType":2,"messageKeys":{}},"BZYkaQ0FF0U3qnrINyiXGi+9E7ffdT/KRgbd839v2wpI":{"chainKey":{"counter":-1,"key":"xyKK5gQXpLrxMSkMVtQ+TeBq1Amme2y2E2/nJYsm0Dc="},"chainType":1,"messageKeys":{}}}},"BYjjhoywRs+K/5ZePuZmE9oQRkC7ZDGMVvMbohqJhjxL":{"registrationId":541486221,"currentRatchet":{"ephemeralKeyPair":{"pubKey":"BU02/qAg+vRdCwNSwANzyOuGnS9/um1ESegOCZqMoS9K","privKey":"kN1uKF/j7NU9w91toCVk8UwnnoFH0PdwVvFsARp4KWI="},"lastRemoteEphemeralKey":"Bc9XuBnIHc+VFB5D7U9sUWG4W1FdWd7x0I5Pr7ZZzEAs","previousCounter":0,"rootKey":"8xW93pFIHfeE5UGL4XyfSu/N2g0d8UDbTRORX23Dx70="},"indexInfo":{"baseKey":"BYjjhoywRs+K/5ZePuZmE9oQRkC7ZDGMVvMbohqJhjxL","baseKeyType":2,"closed":-1,"used":1754182403183,"created":1753360037274,"remoteIdentityKey":"BbcfsJHSeeb7DBx6VBm/hHCpD+httfWrHxlD7/M6NFIN"},"_chains":{"BRoSJQ6Dnq4QbtBq/WKcHv0r2MrbI2qpyNwGLHoVww00":{"chainKey":{"counter":2},"chainType":2,"messageKeys":{}},"BQ7yUJbpbzDfe80RGmPx4QIayryOvhGNmse9gAsCOBE1":{"chainKey":{"counter":2},"chainType":2,"messageKeys":{}},"Bc9XuBnIHc+VFB5D7U9sUWG4W1FdWd7x0I5Pr7ZZzEAs":{"chainKey":{"counter":1,"key":"u3XhvwlzeiCbt5ChR81DefC+MS1Sm1Jm5p6BgtnLWsY="},"chainType":2,"messageKeys":{}},"BU02/qAg+vRdCwNSwANzyOuGnS9/um1ESegOCZqMoS9K":{"chainKey":{"counter":0,"key":"sBh6exEZV/0VuHGb9dEq2SwvAoh2gofY0OP+TKqrCJM="},"chainType":1,"messageKeys":{}}}}},"version":"v1"}