{"_sessions":{"BR7CkFq3Kw8dclbMkJhv0OQViNkO5yEuviUEa70WplVN":{"registrationId":1637336731,"currentRatchet":{"ephemeralKeyPair":{"pubKey":"BUuTO9QULlB0sF+fffySx9s0AtiSWSrj+L2aCTB9w5IO","privKey":"SEKT9S/a4B3eRjNJ3N8zlkOnPkU74Og+SBHVDJFf6nc="},"lastRemoteEphemeralKey":"BSSxAI/YWwPQ+P2KGAjpC0RlVwF3BWD/ayLP9sU5eA0X","previousCounter":0,"rootKey":"IAY4Cs0QQlbVFHg2GRtndcwOuXgwZBfQTdQ9DogeS+M="},"indexInfo":{"baseKey":"BR7CkFq3Kw8dclbMkJhv0OQViNkO5yEuviUEa70WplVN","baseKeyType":1,"closed":-1,"used":1753358116112,"created":1753358116112,"remoteIdentityKey":"BQzpS89z3WNmhQE1zA1V1QR47SJ8HeqIpr3n4gVmUN8z"},"_chains":{"BUuTO9QULlB0sF+fffySx9s0AtiSWSrj+L2aCTB9w5IO":{"chainKey":{"counter":1,"key":"KYHq+LicYTuL5PfKPbfzcWqSQ65kcSiPUTuUIfOSyOQ="},"chainType":1,"messageKeys":{}}},"pendingPreKey":{"signedKeyId":9,"baseKey":"BR7CkFq3Kw8dclbMkJhv0OQViNkO5yEuviUEa70WplVN","preKeyId":9916681}}},"version":"v1"}