{"_sessions":{"BdtgvoMGL+W7i9qU7QH6xkKWUcoyvxEmPRjOLVRBHSQq":{"registrationId":194634697,"currentRatchet":{"ephemeralKeyPair":{"pubKey":"BQ0ea9hIZjQPhAx0/vV3m7pbIf9Ks6V/SNqAcFXdnWZA","privKey":"CAsK31FAxOwfGVQbRxYsigrzsObsVUwXOuuCXaWXNGo="},"lastRemoteEphemeralKey":"BbyI0eCybBuWGPz/9QWbLuNxYjPr3xNESUkXYBsak0dn","previousCounter":0,"rootKey":"XorE9KqmU4Oth61JfCeOKOobmBafGudNzjLYFr51c98="},"indexInfo":{"baseKey":"BdtgvoMGL+W7i9qU7QH6xkKWUcoyvxEmPRjOLVRBHSQq","baseKeyType":1,"closed":-1,"used":1753358115924,"created":1753358115924,"remoteIdentityKey":"BV0jd1029FC4s/sbzDGeUmNgKXp6tFxpgqmlkBmTJeN4"},"_chains":{"BQ0ea9hIZjQPhAx0/vV3m7pbIf9Ks6V/SNqAcFXdnWZA":{"chainKey":{"counter":1,"key":"sXqqOtcbUCi5NEeLn0yM8mdMr8yrusgFGuzNK8HATT8="},"chainType":1,"messageKeys":{}}},"pendingPreKey":{"signedKeyId":2,"baseKey":"BdtgvoMGL+W7i9qU7QH6xkKWUcoyvxEmPRjOLVRBHSQq","preKeyId":6097154}}},"version":"v1"}