{"_sessions":{"BfrS98Kwt9j6nvkGn6uEcCe5PGZcyK8IC4rBU+/LrQIh":{"registrationId":1162400139,"currentRatchet":{"ephemeralKeyPair":{"pubKey":"BVy9NxLFMfxib3si6Zo8pXTxTPyH/dT2M19a/3LAhG9X","privKey":"qDN3Z0ctwc/2zlPu3EPRMSzNS/h2G3pyEtehYDcDP2I="},"lastRemoteEphemeralKey":"BRywibCYkmxof9lDnoRx0FUTRSmtXCLjm3RywY6v3ed4","previousCounter":0,"rootKey":"AH1s7lmxhll2OLk/bIUw4FktDUemLlc+ioc7aLz0uIY="},"indexInfo":{"baseKey":"BfrS98Kwt9j6nvkGn6uEcCe5PGZcyK8IC4rBU+/LrQIh","baseKeyType":1,"closed":-1,"used":1753358116095,"created":1753358116095,"remoteIdentityKey":"BXqT8Nq2O79ldNZak9JnDX3B0ZrQiuF4m+Q1cOTW4rEd"},"_chains":{"BVy9NxLFMfxib3si6Zo8pXTxTPyH/dT2M19a/3LAhG9X":{"chainKey":{"counter":1,"key":"Gn481lGbeu9YrMAvGmdpHE8nGxcKywSq/t0khUkc8iw="},"chainType":1,"messageKeys":{}}},"pendingPreKey":{"signedKeyId":1,"baseKey":"BfrS98Kwt9j6nvkGn6uEcCe5PGZcyK8IC4rBU+/LrQIh","preKeyId":8668222}}},"version":"v1"}