{"_sessions":{"BZsm7Cu+6tpuL6bAr40lhyekKmoSSxnxKlGeJYSvsxx9":{"registrationId":1105228436,"currentRatchet":{"ephemeralKeyPair":{"pubKey":"BVjqBUMgGSOCI+Nub4K5o7FiXkS4GzjOAqF9Zc9RNGYa","privKey":"8EbQgrIjXHY4eWbnKKfaDwo3TvmreTmjMlSllI23rm8="},"lastRemoteEphemeralKey":"BX4c18AQEh1o2wKXb3xu2+rLnMyKXlQiLBSi98F1jXk3","previousCounter":0,"rootKey":"/3/ZBYDH2j2r7XxvEob1rEWBd2Pz44PUBeOrK62iiR0="},"indexInfo":{"baseKey":"BZsm7Cu+6tpuL6bAr40lhyekKmoSSxnxKlGeJYSvsxx9","baseKeyType":1,"closed":-1,"used":1753358115920,"created":1753358115920,"remoteIdentityKey":"BWH7VM9E9bFq+GaCGEF8GFiwyhnjriBmGlwdedSfulRn"},"_chains":{"BVjqBUMgGSOCI+Nub4K5o7FiXkS4GzjOAqF9Zc9RNGYa":{"chainKey":{"counter":1,"key":"UL3DMyDljpR11IqgX/IxnSafpgtQC5bL/fHcudtuWD4="},"chainType":1,"messageKeys":{}}},"pendingPreKey":{"signedKeyId":13,"baseKey":"BZsm7Cu+6tpuL6bAr40lhyekKmoSSxnxKlGeJYSvsxx9","preKeyId":1815634}}},"version":"v1"}