{"_sessions":{"BYaKcvXw40H7UCUDnBa25dTBwed3vn9yLvZJmg+ISgZV":{"registrationId":1331109075,"currentRatchet":{"ephemeralKeyPair":{"pubKey":"BU/ee2BZuYmb72wYr8BfRyUU433YBhicmXaMAe++VVZP","privKey":"GOz9aG1lUaQbAfmXQxCzXC/q0OPjXynM3muFVyGZeHE="},"lastRemoteEphemeralKey":"Bd4PemQrhipAbg4hZE2k2iyzuWFQg3JCNOkvt6+394AW","previousCounter":0,"rootKey":"BLGPoB9rdYPGMV9DcS7jbd8xvC50OdLHrdu3XBtMrnc="},"indexInfo":{"baseKey":"BYaKcvXw40H7UCUDnBa25dTBwed3vn9yLvZJmg+ISgZV","baseKeyType":1,"closed":-1,"used":1753358116529,"created":1753358116529,"remoteIdentityKey":"BcHRLD5yE8BqUzVzkEvBnKGEMhUSYNdFO+O62/7eB9Bg"},"_chains":{"BU/ee2BZuYmb72wYr8BfRyUU433YBhicmXaMAe++VVZP":{"chainKey":{"counter":1,"key":"XYnST36Da1FIkQoU85/k9nFxdakF9VzW6cAtmcSqgOQ="},"chainType":1,"messageKeys":{}}},"pendingPreKey":{"signedKeyId":3,"baseKey":"BYaKcvXw40H7UCUDnBa25dTBwed3vn9yLvZJmg+ISgZV","preKeyId":2111409}}},"version":"v1"}