{"_sessions":{"BQTOY9MXLwToS5vA1D4y9jpHuZToTwXRXrcUCXAo6QdZ":{"registrationId":1305197602,"currentRatchet":{"ephemeralKeyPair":{"pubKey":"Bd9UQkpAOG3xhpUPN+SlCXe4aqeADZXGHXTSK7nkknpP","privKey":"sLz6QxHGHrG9QzYMnUnA8dJaeAj2wScvM9wMhhAd93k="},"lastRemoteEphemeralKey":"BXA8d1pDsNmytUvH1As7rN+gLF/BJwfcxJ32sPYxQLZw","previousCounter":0,"rootKey":"ZL7tJ14z+L3DoXE+YnBuK/5pdpHlBR8hYNGL0jT+jUk="},"indexInfo":{"baseKey":"BQTOY9MXLwToS5vA1D4y9jpHuZToTwXRXrcUCXAo6QdZ","baseKeyType":1,"closed":-1,"used":1753360033006,"created":1753360033006,"remoteIdentityKey":"BaULPBX4RPSrhgaO0jfkmqsQoSQnbmS9mo52LyiHwqVT"},"_chains":{"Bd9UQkpAOG3xhpUPN+SlCXe4aqeADZXGHXTSK7nkknpP":{"chainKey":{"counter":0,"key":"NHK/UtEcLvV5CzcapXpxo9GGMmNlN6ean5Fpw5gLZS8="},"chainType":1,"messageKeys":{}}},"pendingPreKey":{"signedKeyId":1,"baseKey":"BQTOY9MXLwToS5vA1D4y9jpHuZToTwXRXrcUCXAo6QdZ","preKeyId":2861275}}},"version":"v1"}