{"_sessions":{"BRsXWoZeV6zlnjENF5CABr8OOn9WVRTbuHFYL/62DotK":{"registrationId":2087973456,"currentRatchet":{"ephemeralKeyPair":{"pubKey":"BRsTA8OdNtJyqdJxphZwejj3wWoyR68pjsw/W4K1WAES","privKey":"KEurE0j8VaPBWlLvMXeSIGDUqAk/clWkA6tHdnm2VnM="},"lastRemoteEphemeralKey":"BX0uJy4v0DEyzSKjxryCYz7mdFx4MAdKnf3r69i9QGMC","previousCounter":0,"rootKey":"3Mi5KU4Xg0abFK2eSlI6YfRNAITCPSrHEy6eDEhmvG0="},"indexInfo":{"baseKey":"BRsXWoZeV6zlnjENF5CABr8OOn9WVRTbuHFYL/62DotK","baseKeyType":1,"closed":-1,"used":1753360033077,"created":1753360033077,"remoteIdentityKey":"BfAqGS76APz97rNYHtQDMHcRc2HidMTXddw6KHJO8BxL"},"_chains":{"BRsTA8OdNtJyqdJxphZwejj3wWoyR68pjsw/W4K1WAES":{"chainKey":{"counter":0,"key":"exwB4NGyF9jLSsQcw6p9WZycRwWsD/XzXtzN5hPdqvA="},"chainType":1,"messageKeys":{}}},"pendingPreKey":{"signedKeyId":0,"baseKey":"BRsXWoZeV6zlnjENF5CABr8OOn9WVRTbuHFYL/62DotK","preKeyId":13438656}}},"version":"v1"}