{"_sessions":{"BUGlQ2tfBK4vXLwMOgGrfzuhjlx+Mr6fA6KVCVga+JZi":{"registrationId":595436453,"currentRatchet":{"ephemeralKeyPair":{"pubKey":"BXivp+cR5k0lkqDTUnzVT14DFztP3CHjv5l+p/Ya7Eg5","privKey":"CDenrQGINXAE2bxl/sXwpBQXtKRz7e1DGO9dxoL2tkQ="},"lastRemoteEphemeralKey":"BRYqqjICMOtjp85BGtfxolK9lXyzeYzIQqD+ky1vwUQk","previousCounter":0,"rootKey":"NKq+lCypYP+0ve81He11OVucps68D2ah2LKPpQC6QKE="},"indexInfo":{"baseKey":"BUGlQ2tfBK4vXLwMOgGrfzuhjlx+Mr6fA6KVCVga+JZi","baseKeyType":1,"closed":-1,"used":1753358116017,"created":1753358116017,"remoteIdentityKey":"BfQRUoWQt1eivc7bH62u0VOY3FNx50NkQ6fHadYxIi48"},"_chains":{"BXivp+cR5k0lkqDTUnzVT14DFztP3CHjv5l+p/Ya7Eg5":{"chainKey":{"counter":1,"key":"0bEELX2ZduAq5P7nhIERQDSxGG5MxU5lB8T1kctjQdU="},"chainType":1,"messageKeys":{}}},"pendingPreKey":{"signedKeyId":7752643,"baseKey":"BUGlQ2tfBK4vXLwMOgGrfzuhjlx+Mr6fA6KVCVga+JZi","preKeyId":10848}}},"version":"v1"}