{"_sessions":{"BXdvKVEXBTNed1FDaF3GeILrTPIBTtpMQd0FLD7R7tN9":{"registrationId":1756647666,"currentRatchet":{"ephemeralKeyPair":{"pubKey":"Be07IaAhj/W7ccLQhsPAKGvJTYzhLs7ZfkZk/GhStAl1","privKey":"qD0LBZzJFsPiP0XsIW9uDrcv2HbgDowGCh20lwPS5XU="},"lastRemoteEphemeralKey":"BfkPVnyPgW2YFrFzf2POHOS0HsEc5k9UxtlEMQEtC0kA","previousCounter":0,"rootKey":"v2lOJAwTHVVNQr8YWqHltiQ9RVN55F+B6JVKWP2eDi8="},"indexInfo":{"baseKey":"BXdvKVEXBTNed1FDaF3GeILrTPIBTtpMQd0FLD7R7tN9","baseKeyType":1,"closed":-1,"used":1753358116026,"created":1753358116026,"remoteIdentityKey":"BQmwLjc5TJ+oYG5KlgzvNg3bbPwS1MWkmvDJ8FI1hzBI"},"_chains":{"Be07IaAhj/W7ccLQhsPAKGvJTYzhLs7ZfkZk/GhStAl1":{"chainKey":{"counter":1,"key":"kwwXyzBfnq7kA6VVZ6MT78LcNTcZyAtsRlxGiFMvDIQ="},"chainType":1,"messageKeys":{}}},"pendingPreKey":{"signedKeyId":0,"baseKey":"BXdvKVEXBTNed1FDaF3GeILrTPIBTtpMQd0FLD7R7tN9","preKeyId":14623975}}},"version":"v1"}