{"_sessions":{"BUuotpcqdJu3j9dXSyj9MsTSARZ4bR2nQLjC4VIec/4R":{"registrationId":2058967040,"currentRatchet":{"ephemeralKeyPair":{"pubKey":"BUH4beNN94MoZGjBw4w5y9kfk/5LLPuRURRsu57FGOlL","privKey":"YFWevp3CIPzxhGByMfZbPYMsNeIpYNlqyLfgGwN/LVU="},"lastRemoteEphemeralKey":"BcJ4xYsLqzfX2j/EopJuhSBmF00LoeLaFj72Ynr0QWVV","previousCounter":0,"rootKey":"osva5aT4plKtp6uwZUhrZiaaZwP7PLejAcOXz2e/Dxs="},"indexInfo":{"baseKey":"BUuotpcqdJu3j9dXSyj9MsTSARZ4bR2nQLjC4VIec/4R","baseKeyType":1,"closed":-1,"used":1753358116099,"created":1753358116099,"remoteIdentityKey":"BZ/qd+9WqVekk8NQqMyd2MV5bm4whb+Pf6jLAU1Of2gT"},"_chains":{"BUH4beNN94MoZGjBw4w5y9kfk/5LLPuRURRsu57FGOlL":{"chainKey":{"counter":1,"key":"1+9YgtBrRsE4MDJGRklhUOsSTKWMb23oNM1tpf5YCJU="},"chainType":1,"messageKeys":{}}},"pendingPreKey":{"signedKeyId":15805693,"baseKey":"BUuotpcqdJu3j9dXSyj9MsTSARZ4bR2nQLjC4VIec/4R","preKeyId":7647}}},"version":"v1"}