{"_sessions":{"BRS4vL1J0LEymPTlVQxS+ymP050FC4Thsm5hsqJWmgwj":{"registrationId":1407657976,"currentRatchet":{"ephemeralKeyPair":{"pubKey":"BTrUPu2cCKaGWxW+G+bkLIOobCA5DRdO7aAFj1hzwvNV","privKey":"GGjt7+hiQPBwQ5yQWxaO+azaykTigP8FtIPuoGoK0nQ="},"lastRemoteEphemeralKey":"BS67yLA9Z6R16tVpowKnZXbswd5F8l4dQni+AskCijwA","previousCounter":0,"rootKey":"/sSmKVRSeVu6Cgzx3eBi1qylWrvtlPoxsyre+wz0Q10="},"indexInfo":{"baseKey":"BRS4vL1J0LEymPTlVQxS+ymP050FC4Thsm5hsqJWmgwj","baseKeyType":1,"closed":-1,"used":1753358116408,"created":1753358116408,"remoteIdentityKey":"BWQhRsgJkKDzCgF7fR/SH83/gHVbdF7DubL58rkdrh4F"},"_chains":{"BTrUPu2cCKaGWxW+G+bkLIOobCA5DRdO7aAFj1hzwvNV":{"chainKey":{"counter":1,"key":"2q80Qt6CA39NslciwJ/ZMGsuvX+013vmQIrPXonVDm0="},"chainType":1,"messageKeys":{}}},"pendingPreKey":{"signedKeyId":3,"baseKey":"BRS4vL1J0LEymPTlVQxS+ymP050FC4Thsm5hsqJWmgwj","preKeyId":5019988}}},"version":"v1"}