{"_sessions":{"BSv/IcHd4fih3mmzQ2aqWsPRhWHirneggQWBmkW0S/Jw":{"registrationId":2034168589,"currentRatchet":{"ephemeralKeyPair":{"pubKey":"Be/0gzjViM7+6NFntCZlesVvnmOiD9Rqv2NSEk5Ha5I3","privKey":"GPgDyH4S2rCsS78ELl9DeWTYRyq2cnPwCw2VJWUQ1UY="},"lastRemoteEphemeralKey":"BeZtv0RXiyHZcvuXFgg+e9mmC9YEtQzZq3dq7drrnN1H","previousCounter":0,"rootKey":"WDZgOocW556OQ+3uVojNvyOUAAjkU8UkzxGtXuypsZ8="},"indexInfo":{"baseKey":"BSv/IcHd4fih3mmzQ2aqWsPRhWHirneggQWBmkW0S/Jw","baseKeyType":1,"closed":-1,"used":1753358115997,"created":1753358115997,"remoteIdentityKey":"BRW8NzHT6LX55meQFF/Osk3E6Ft4xPFjrmU87GXUG807"},"_chains":{"Be/0gzjViM7+6NFntCZlesVvnmOiD9Rqv2NSEk5Ha5I3":{"chainKey":{"counter":1,"key":"3UF/5nDZXfwmlbmDswc684asEC5aiICpbcRDDSti8Uk="},"chainType":1,"messageKeys":{}}},"pendingPreKey":{"signedKeyId":12,"baseKey":"BSv/IcHd4fih3mmzQ2aqWsPRhWHirneggQWBmkW0S/Jw","preKeyId":16030531}}},"version":"v1"}