{"_sessions":{"BYRifmmRas1aLKnLicZ5iwjxl8DVDbTqANHCzoy94PlC":{"registrationId":1798864104,"currentRatchet":{"ephemeralKeyPair":{"pubKey":"BVJCjvg3GER/E+1hmp8/BeBNpVSQwv76gMUbFbLn2jxn","privKey":"mOGvkAgSjo6apmhkRcTbvuL1XGBWXo+L/9KaGNkRWlo="},"lastRemoteEphemeralKey":"Bd4aNcyORXsSXVY+ktWy8WTExBH+qX+gaqPOPAJsJIAV","previousCounter":0,"rootKey":"ElJyIfw8KmXjw6EZtY8Y9xVU2wKpgJIN/0d6KYWpu3I="},"indexInfo":{"baseKey":"BYRifmmRas1aLKnLicZ5iwjxl8DVDbTqANHCzoy94PlC","baseKeyType":1,"closed":-1,"used":1753358116395,"created":1753358116395,"remoteIdentityKey":"Bd0rTWr1d9xGe9yKQOX6I0bK4TjvPtjQWOrK6M4a0D8Y"},"_chains":{"BVJCjvg3GER/E+1hmp8/BeBNpVSQwv76gMUbFbLn2jxn":{"chainKey":{"counter":3,"key":"/Y+Rq7onDUGHEIwMIuyBEOvpHX9lH/hxL1nDZb+sfnc="},"chainType":1,"messageKeys":{}}},"pendingPreKey":{"signedKeyId":0,"baseKey":"BYRifmmRas1aLKnLicZ5iwjxl8DVDbTqANHCzoy94PlC","preKeyId":10209701}}},"version":"v1"}