{"_sessions":{"BVhlsRcSvbRXPOOzpZVWFgqX8nRHMHq/4vd/BIK/Ch54":{"registrationId":1771384181,"currentRatchet":{"ephemeralKeyPair":{"pubKey":"BQEQWSkKyVNLVd+bS9ZfB/aMyQVxmkiVICXsOHLYkcB7","privKey":"YPyQ9hJQfkR3/9DhcModou9jN2C0ninVDso17kmqZUA="},"lastRemoteEphemeralKey":"Bcy4osLLx7SBm5xCELSLpY9GwEv+IZOc6gpH1oQ/5U4L","previousCounter":0,"rootKey":"b2IEXSJvpR+2DKu+IHVneoCTaasTDjdq9Nhh2J4Osu8="},"indexInfo":{"baseKey":"BVhlsRcSvbRXPOOzpZVWFgqX8nRHMHq/4vd/BIK/Ch54","baseKeyType":1,"closed":-1,"used":1753358116386,"created":1753358116386,"remoteIdentityKey":"BfELui6UHTU4brk9Mo7ZzuSxRzokSF44A/aRCMC55Lle"},"_chains":{"BQEQWSkKyVNLVd+bS9ZfB/aMyQVxmkiVICXsOHLYkcB7":{"chainKey":{"counter":1,"key":"pkrWJLpPZGRtIQmuc3jxNaovKUMpX/xEp/+vy3DB9zg="},"chainType":1,"messageKeys":{}}},"pendingPreKey":{"signedKeyId":6,"baseKey":"BVhlsRcSvbRXPOOzpZVWFgqX8nRHMHq/4vd/BIK/Ch54"}}},"version":"v1"}