{"_sessions":{"BXv0t6Eu+3OzVXRaxyvlOvpfIW8dKXHiev/1fiXnR0gv":{"registrationId":616245873,"currentRatchet":{"ephemeralKeyPair":{"pubKey":"BWDFNvZ3TIMMw49uwpSbOZmnfzZ8XaO3RH/z+oY9TAJ5","privKey":"qEGAdjTJoNHUEAmdMzYinzTVOavfIPVuIM/Xu35jRnw="},"lastRemoteEphemeralKey":"BefAx88zb1FrMgapzwxg7qgnEzDxqGOpWCu29rkE7XtN","previousCounter":0,"rootKey":"PWRrm27TGIBpAUpwGfRxDQcCwKqv2nJYDvLqcxvNd4o="},"indexInfo":{"baseKey":"BXv0t6Eu+3OzVXRaxyvlOvpfIW8dKXHiev/1fiXnR0gv","baseKeyType":2,"closed":1753432965682,"used":1753336686502,"created":1753336686502,"remoteIdentityKey":"BddSALICHTo/PZ3ztddLx/JqOfaX7pm1XZOXKnATFRRW"},"_chains":{"BefAx88zb1FrMgapzwxg7qgnEzDxqGOpWCu29rkE7XtN":{"chainKey":{"counter":2,"key":"sRFbtVaKQ3+M+kd7iqLTo+ddiyJ4H7smd0UGgGsyQM0="},"chainType":2,"messageKeys":{}},"BWDFNvZ3TIMMw49uwpSbOZmnfzZ8XaO3RH/z+oY9TAJ5":{"chainKey":{"counter":2,"key":"iBikIFRQcjhkS2ng73dqJlYBHPZI4xZZVDx34mfwOBk="},"chainType":1,"messageKeys":{}}}},"BelGv06HTxyFf+3C8g2bARlC0Nh0/NqM7JUjT0YZaj5D":{"registrationId":616245873,"currentRatchet":{"ephemeralKeyPair":{"pubKey":"BfFylHMKWHPK66o+knMbXxnoFN5//UHrcsZdZwZG3g9M","privKey":"oDGGmDOtBGizi201fsq6P+PtFwfSWY+Zd7s6ILCwqU0="},"lastRemoteEphemeralKey":"BWDI1tBC2WU61rxWoY3G+cege3xgRApWqAQlsFqUlWYK","previousCounter":0,"rootKey":"+84dKURXCbpGq2oaWnpksIvlsd4y1t4St8rEHhP4SDA="},"indexInfo":{"baseKey":"BelGv06HTxyFf+3C8g2bARlC0Nh0/NqM7JUjT0YZaj5D","baseKeyType":2,"closed":1754057493498,"used":1754052609745,"created":1753432965687,"remoteIdentityKey":"BddSALICHTo/PZ3ztddLx/JqOfaX7pm1XZOXKnATFRRW"},"_chains":{"BRS2sxjVYEbiFD3tuccAMmKjePkmM2zPB29LorHdmXtm":{"chainKey":{"counter":18},"chainType":2,"messageKeys":{}},"BWDI1tBC2WU61rxWoY3G+cege3xgRApWqAQlsFqUlWYK":{"chainKey":{"counter":0,"key":"dw1WS5dJx74xZkGisaN3FhuDeEd3VPccv53fhHJBF1I="},"chainType":2,"messageKeys":{}},"BfFylHMKWHPK66o+knMbXxnoFN5//UHrcsZdZwZG3g9M":{"chainKey":{"counter":-1,"key":"nWz/qgeQmB9tXbCXQ3EVv+7GxU8LPLBTFiBCz+1DdN8="},"chainType":1,"messageKeys":{}}}},"BYyhN5sVZu8NufA7DK0jaPisBnQk4gX5Bf8BAkvlK6t8":{"registrationId":616245873,"currentRatchet":{"ephemeralKeyPair":{"pubKey":"BfzV819j/+e5hle9mIf+Q/STRaH/BIUP0MWMZwJtJWlE","privKey":"wLYB5TR2reIKVOQ123M4QP4FKCRTOvSXUOeSFj/pOVs="},"lastRemoteEphemeralKey":"BUguWarKUO+NnbKeRRRbvu8rwsNIbtL0wmwqBXJcZnVq","previousCounter":0,"rootKey":"7Ap6v3ULag0T7tHpO8gocLa53/d3d0LiTdN58Xt8Mdw="},"indexInfo":{"baseKey":"BYyhN5sVZu8NufA7DK0jaPisBnQk4gX5Bf8BAkvlK6t8","baseKeyType":2,"closed":-1,"used":1754057493505,"created":1754057493505,"remoteIdentityKey":"BddSALICHTo/PZ3ztddLx/JqOfaX7pm1XZOXKnATFRRW"},"_chains":{"BUguWarKUO+NnbKeRRRbvu8rwsNIbtL0wmwqBXJcZnVq":{"chainKey":{"counter":10,"key":"JyNhBH0ZeULnzS8tCzfZPe/c/hdsju03a/G4mZzBDAg="},"chainType":2,"messageKeys":{}},"BfzV819j/+e5hle9mIf+Q/STRaH/BIUP0MWMZwJtJWlE":{"chainKey":{"counter":-1,"key":"4qW3EK5OhoLdzVLWPd9QiHza1TVlcjpeB4kAlc5Vlso="},"chainType":1,"messageKeys":{}}}}},"version":"v1"}