{"_sessions":{"BfcCg7JmTAWp6LdHj+9S2TkYQl2I9mb48DGq6KC57V4W":{"registrationId":1110399950,"currentRatchet":{"ephemeralKeyPair":{"pubKey":"BVCqbqXOQ8rM3rR0CsAi8tnzpOF3mnGCmU/wukCG8YQX","privKey":"QPYkdLRyS81is+Mu6v+P2B0YEgYSgVJm8Rfbdqvqu1I="},"lastRemoteEphemeralKey":"BZBOVsrSbTPuEQXR029inepnQUYBhRSznxFI4riazCYM","previousCounter":0,"rootKey":"wynCDtBJObp7DdUWr8i5jtyFs1mZH10yV3IBS8IFyIw="},"indexInfo":{"baseKey":"BfcCg7JmTAWp6LdHj+9S2TkYQl2I9mb48DGq6KC57V4W","baseKeyType":1,"closed":-1,"used":1753358116521,"created":1753358116521,"remoteIdentityKey":"BYcLGob8lWYzMjEafVp4J9r74H0PRRR0mlWtxLyV5f9j"},"_chains":{"BVCqbqXOQ8rM3rR0CsAi8tnzpOF3mnGCmU/wukCG8YQX":{"chainKey":{"counter":1,"key":"Qq2+3l4Bq2bLUY64W7ouQJpNCVVdmavi/rBwuT0tJoU="},"chainType":1,"messageKeys":{}}},"pendingPreKey":{"signedKeyId":9,"baseKey":"BfcCg7JmTAWp6LdHj+9S2TkYQl2I9mb48DGq6KC57V4W","preKeyId":15831966}}},"version":"v1"}