{"_sessions":{"BeX0/ZB0lYeEyUox8MJ0vJlQxrcukk3XueudF01Saa4k":{"registrationId":787355669,"currentRatchet":{"ephemeralKeyPair":{"pubKey":"BZt/m+8XTVbkxnqbXuq7J+phDOGSG+Z5BiD/RCVNx75k","privKey":"WI6joqX5DE1ETk8OKPQ1Bj8TcfXrcbeEPEKvx0jayE8="},"lastRemoteEphemeralKey":"BYlGHGLO3QLzChrTxfPBFUK3srbZIsjDg7fpWxH3LXJm","previousCounter":0,"rootKey":"/HHrass+XDGnvM8FB+sPYJD6DP0wjhrum8zam8OQNS4="},"indexInfo":{"baseKey":"BeX0/ZB0lYeEyUox8MJ0vJlQxrcukk3XueudF01Saa4k","baseKeyType":1,"closed":-1,"used":1753358115928,"created":1753358115928,"remoteIdentityKey":"BbzifSc0tR+jNSV86OFO9Wbq4HjXITAyjZ7QgN1yRKQ8"},"_chains":{"BZt/m+8XTVbkxnqbXuq7J+phDOGSG+Z5BiD/RCVNx75k":{"chainKey":{"counter":1,"key":"VHwIV6ogF/RFahyLgaR2IVuDamoMbTOVAtehePd7qs4="},"chainType":1,"messageKeys":{}}},"pendingPreKey":{"signedKeyId":44,"baseKey":"BeX0/ZB0lYeEyUox8MJ0vJlQxrcukk3XueudF01Saa4k","preKeyId":9080436}}},"version":"v1"}