{"_sessions":{"BSEj8ro50JlcRNMO1FD7ptsCI0yxaCYSNZFydfGtlnYe":{"registrationId":930138174,"currentRatchet":{"ephemeralKeyPair":{"pubKey":"BfTDgOIViPgq5+734M9xQIbsztwTab4c9yo56Cw1/OdD","privKey":"0Nx8/VPsrMsomHnHl4UT8OgSw2im3YovTWLCPSz3JVg="},"lastRemoteEphemeralKey":"BaYd0aPavQKKNHynoFcKwt1JhYR0M50o54xsSU5k/R0Y","previousCounter":0,"rootKey":"zdmpM7FH54MjSs8f9d5vFUuEKJaQT3gDcwtK4MSFSBw="},"indexInfo":{"baseKey":"BSEj8ro50JlcRNMO1FD7ptsCI0yxaCYSNZFydfGtlnYe","baseKeyType":2,"closed":1753358117834,"used":1753335489103,"created":1753335489103,"remoteIdentityKey":"BSlkYe6/TqGOD3hkaJ2301Qzswh7bCKmWlkkqCVIxMBL"},"_chains":{"BaYd0aPavQKKNHynoFcKwt1JhYR0M50o54xsSU5k/R0Y":{"chainKey":{"counter":7,"key":"Ofe7O3DXNRbPrA6LePCs2ZyalfYVbSLBvnYRPeajoUs="},"chainType":2,"messageKeys":{}},"BfTDgOIViPgq5+734M9xQIbsztwTab4c9yo56Cw1/OdD":{"chainKey":{"counter":2,"key":"gSxStEL2piKz1SGzk7FxzsXzUvT9tDZ5nOfj3Veaf1Y="},"chainType":1,"messageKeys":{}}}},"Bbxzrx+SeujtSg/EPWYle3Q4E1qGoSzY8NrSN6LSllMo":{"registrationId":930138174,"currentRatchet":{"ephemeralKeyPair":{"pubKey":"BTCnDDxofA/5GIgCYnGecBQMhS2/pBIpwWpu/0F6P54c","privKey":"YJOz8dxJBXTPN5daeGizmKsy1qoCENDItB2k+cULuHY="},"lastRemoteEphemeralKey":"BSd1EUl48WCHkNhEfBNlRfa5WuNyg/Z8rYOqh8X8cq5T","previousCounter":0,"rootKey":"DelRuvJt6dT+w2WELcoSv1goHIkLqA7anKJ1np4H1CU="},"indexInfo":{"baseKey":"Bbxzrx+SeujtSg/EPWYle3Q4E1qGoSzY8NrSN6LSllMo","baseKeyType":1,"closed":-1,"used":1753358117833,"created":1753358117833,"remoteIdentityKey":"BSlkYe6/TqGOD3hkaJ2301Qzswh7bCKmWlkkqCVIxMBL"},"_chains":{"BTCnDDxofA/5GIgCYnGecBQMhS2/pBIpwWpu/0F6P54c":{"chainKey":{"counter":15,"key":"VQrI0ZMbCREjWhEcXvcRrz3s0kUIpficHlPPJSDGlgs="},"chainType":1,"messageKeys":{}}},"pendingPreKey":{"signedKeyId":0,"baseKey":"Bbxzrx+SeujtSg/EPWYle3Q4E1qGoSzY8NrSN6LSllMo","preKeyId":5969964}}},"version":"v1"}