{"_sessions":{"BQejE2xQEnfFsnH4P5Llics6WI03gHEz2zMDBl4smvRz":{"registrationId":1022694914,"currentRatchet":{"ephemeralKeyPair":{"pubKey":"Bd3cDFB3kNFlDXbF/Jz3WPgwEtqKZqttuY9rOXZcfARv","privKey":"aICERxbhQLqoouMsLS/VMQ6LwnHLyeVfJv341ZMRQFM="},"lastRemoteEphemeralKey":"BSgXBwBFPAuLVxqtt3c/8N2CVy1GTzDa8a4t4Vu8dsVH","previousCounter":0,"rootKey":"J0z50XMsbEDJw4dmicCflf56jVykGRsPL8KvRvD6/p8="},"indexInfo":{"baseKey":"BQejE2xQEnfFsnH4P5Llics6WI03gHEz2zMDBl4smvRz","baseKeyType":1,"closed":-1,"used":1753358115827,"created":1753358115827,"remoteIdentityKey":"BU4FAQhRimD2tTwWWOAJkocJLZkxCm4OBnyqVPaECW11"},"_chains":{"Bd3cDFB3kNFlDXbF/Jz3WPgwEtqKZqttuY9rOXZcfARv":{"chainKey":{"counter":1,"key":"fkxQK5QhWCM5T5m/rDxmtg/5coUxCou30r0fQ+utTcI="},"chainType":1,"messageKeys":{}}},"pendingPreKey":{"signedKeyId":3,"baseKey":"BQejE2xQEnfFsnH4P5Llics6WI03gHEz2zMDBl4smvRz","preKeyId":10983580}}},"version":"v1"}