{"_sessions":{"BSZOBgdE6MysHcnk30u7CyI8BaXl6F2MIIFtftq6m/pb":{"registrationId":634122126,"currentRatchet":{"ephemeralKeyPair":{"pubKey":"BYIAw0TeHcAQfNJyzLkFFlNBTE7xeACN+bVxdSGXxHoe","privKey":"OLZQSQziwV1RnBDmSZiWeJRsDC6tvLWithAth7tMUkk="},"lastRemoteEphemeralKey":"BfVasgUJfYfrkmZjspHyFEWVqSJWtmtErHp3Dvh1uH1d","previousCounter":0,"rootKey":"mAmVJ4zsnOeV3UjKZNIV5fdmzeRU7BZWpey9HofTloA="},"indexInfo":{"baseKey":"BSZOBgdE6MysHcnk30u7CyI8BaXl6F2MIIFtftq6m/pb","baseKeyType":1,"closed":-1,"used":1753808866746,"created":1753808866746,"remoteIdentityKey":"BWTV2kmh9O6/HnSU/ZpB/qcAgKYbm2VRyvlZ6rQ+F7xO"},"_chains":{"BYIAw0TeHcAQfNJyzLkFFlNBTE7xeACN+bVxdSGXxHoe":{"chainKey":{"counter":1,"key":"fAegtgN46118qjePD8FojrwSzYdPtLxPumEAzJVgAa4="},"chainType":1,"messageKeys":{}}},"pendingPreKey":{"signedKeyId":0,"baseKey":"BSZOBgdE6MysHcnk30u7CyI8BaXl6F2MIIFtftq6m/pb","preKeyId":2810971}}},"version":"v1"}