{"_sessions":{"BbhqWdsMh0qPtvG2Nm0QW8aVQd9LBb65fGEiol8OHtFm":{"registrationId":1230647414,"currentRatchet":{"ephemeralKeyPair":{"pubKey":"BY30gCQrOBtRjRYj107//kgxrFJnxvfStGyC2Py8xoJ/","privKey":"YB6qixqxvfFBOPyi6qgk1aR07eZ2EPkM7rci9hXDXn8="},"lastRemoteEphemeralKey":"Bf4YMeBEcx5EiHVO30MpbefqefWHMxhhMK2tGc+Y6gBH","previousCounter":0,"rootKey":"HsMTs420syAXelXc9nlaZXIWUXptqUyqJ3plaviQ+4E="},"indexInfo":{"baseKey":"BbhqWdsMh0qPtvG2Nm0QW8aVQd9LBb65fGEiol8OHtFm","baseKeyType":1,"closed":-1,"used":1753358116505,"created":1753358116505,"remoteIdentityKey":"BUKWrtiIHtB+UshL16f0xM6+XoIBVWauKk6uYltBjIE5"},"_chains":{"BY30gCQrOBtRjRYj107//kgxrFJnxvfStGyC2Py8xoJ/":{"chainKey":{"counter":2,"key":"jg7LaUGLtmk+k8Gd8qnVLNJ2Q9KE+c93hRMLmOp7GIY="},"chainType":1,"messageKeys":{}}},"pendingPreKey":{"signedKeyId":1,"baseKey":"BbhqWdsMh0qPtvG2Nm0QW8aVQd9LBb65fGEiol8OHtFm","preKeyId":3160122}}},"version":"v1"}