{"_sessions":{"BejiVsmToXaIdjcWXMzBb0odZ/00hjDssqADCopVNBx0":{"registrationId":69,"currentRatchet":{"ephemeralKeyPair":{"pubKey":"BYSezc+LK47PHEnuErx4gVyFc2xC2aCvqoWbrvEZHp06","privKey":"MD1SuoaIb0LSBXNulwCKGuDt2Vn4MaRT3gFIxIWDNEs="},"lastRemoteEphemeralKey":"BQIr1AkKd1069CvnDDmhvv0KEA779bWuXpjoiJulTNMV","previousCounter":0,"rootKey":"YPxm2UvClLwPSMECR86fmNUv95x2w7PZGdW+1DR3eJ4="},"indexInfo":{"baseKey":"BejiVsmToXaIdjcWXMzBb0odZ/00hjDssqADCopVNBx0","baseKeyType":1,"closed":-1,"used":1753360733484,"created":1753360733484,"remoteIdentityKey":"BUMpuUXR3QDGUKPxqiNHwpwuhGPXIrnYiP8uJo1X72tz"},"_chains":{"BYSezc+LK47PHEnuErx4gVyFc2xC2aCvqoWbrvEZHp06":{"chainKey":{"counter":1,"key":"u3NnMPQ56o9ARHOUN87qb6TrncmC1zQ4iodRt5TraRA="},"chainType":1,"messageKeys":{}}},"pendingPreKey":{"signedKeyId":1,"baseKey":"BejiVsmToXaIdjcWXMzBb0odZ/00hjDssqADCopVNBx0"}}},"version":"v1"}