{"_sessions":{"BTOM1KBJDtv51q0pCUmvGxUSmlXpEbhgR0C8hMAcmA0C":{"registrationId":254740718,"currentRatchet":{"ephemeralKeyPair":{"pubKey":"BQWDWX29Lbn/2nwY2mPPqD8cSxfwTfqNo/V9JAuoOcET","privKey":"UBNLepQi2JQyzGhFqVwFVQ1xoUoK/2PD6L2w2hWzwHw="},"lastRemoteEphemeralKey":"BS89AjilOQH03sXz0at4jU9w+jiIDN9n5s5flPOq1Vgo","previousCounter":0,"rootKey":"NGj/adusRhOdu4IN23aECdBiUP2UBAN07KfJLPF7lg8="},"indexInfo":{"baseKey":"BTOM1KBJDtv51q0pCUmvGxUSmlXpEbhgR0C8hMAcmA0C","baseKeyType":1,"closed":-1,"used":1753360733514,"created":1753360733514,"remoteIdentityKey":"BXY4ZrZGIja0mZQXKXqID6tHsiZfkAM8Z1cybeHGF1dz"},"_chains":{"BQWDWX29Lbn/2nwY2mPPqD8cSxfwTfqNo/V9JAuoOcET":{"chainKey":{"counter":1,"key":"ElXBL8ZdAQFfxQ1sedXPOoHBQtlPfOC4n2IYc8eMqtQ="},"chainType":1,"messageKeys":{}}},"pendingPreKey":{"signedKeyId":0,"baseKey":"BTOM1KBJDtv51q0pCUmvGxUSmlXpEbhgR0C8hMAcmA0C","preKeyId":9454561}}},"version":"v1"}