{"_sessions":{"BbKbFY8+KoOT6Q85+En4AAO2DgNeBywavbEy6FwpX3sc":{"registrationId":881564045,"currentRatchet":{"ephemeralKeyPair":{"pubKey":"BcJWPNU3kTtX39x0nWwdBrifsZ3d5KLVHd9RLX81OOEW","privKey":"iH0NCpdCMtCq3Ad04740JTi/z8UVc5z5vEnsyHcOs14="},"lastRemoteEphemeralKey":"BedKeVT/iTJ4ViraNKPP0dOk5wdhJaF9iU9nq0eDv8MJ","previousCounter":0,"rootKey":"eLUgoEASXkgO1en2E7GvbE0XLEbfTfs9tfQ2r+bS9u4="},"indexInfo":{"baseKey":"BbKbFY8+KoOT6Q85+En4AAO2DgNeBywavbEy6FwpX3sc","baseKeyType":1,"closed":-1,"used":1753358116123,"created":1753358116123,"remoteIdentityKey":"BfyM5h8xAKM7vcJC0Lct0oZkPpB3IsCqWluu1OddTOYr"},"_chains":{"BcJWPNU3kTtX39x0nWwdBrifsZ3d5KLVHd9RLX81OOEW":{"chainKey":{"counter":1,"key":"LRabrU8NiUgxoJUKNTfu3i9vg+bmUpTXCXEDMQ6fLaI="},"chainType":1,"messageKeys":{}}},"pendingPreKey":{"signedKeyId":1,"baseKey":"BbKbFY8+KoOT6Q85+En4AAO2DgNeBywavbEy6FwpX3sc"}}},"version":"v1"}