{"_sessions":{"BauuBmL6dRczrQyL8rB5JV7C966UdmPx1oJiERB3tO4P":{"registrationId":1608641549,"currentRatchet":{"ephemeralKeyPair":{"pubKey":"BQCR7XXeAsF4Ca6bh0O/wbsQZsLzH0fjXVIYK17Ij9IJ","privKey":"UBwvh4vDcikyHBYozy5wn+9gAiJdBk3JcPTdq/cxJko="},"lastRemoteEphemeralKey":"BRGUc79FZXL4wueg8iD81OU5NLxtSWe7jWyTAZltjJge","previousCounter":0,"rootKey":"fjUv6NmSJoE71su/3o69fiQ+7H8dFbDdbtx0B44nIvM="},"indexInfo":{"baseKey":"BauuBmL6dRczrQyL8rB5JV7C966UdmPx1oJiERB3tO4P","baseKeyType":1,"closed":-1,"used":1753358116383,"created":1753358116383,"remoteIdentityKey":"BV5eTW3vwD8T2+8CPsNYiJUgzeqhlykf0ziS75CFeOQt"},"_chains":{"BQCR7XXeAsF4Ca6bh0O/wbsQZsLzH0fjXVIYK17Ij9IJ":{"chainKey":{"counter":1,"key":"Ete6gKxfXkNHzIehiU1IHWmo4gOZ+RTpPJ6Q73q1UlM="},"chainType":1,"messageKeys":{}}},"pendingPreKey":{"signedKeyId":0,"baseKey":"BauuBmL6dRczrQyL8rB5JV7C966UdmPx1oJiERB3tO4P","preKeyId":699370}}},"version":"v1"}