{"_sessions":{"BQ274a03kygNMYcPFVKgYxstP5JSIyZ1pratAYO2TORj":{"registrationId":1822421279,"currentRatchet":{"ephemeralKeyPair":{"pubKey":"BYI9AeNPL0YDROvlnqEqiIOfGPpFbgVvvLXvF/GqgDlv","privKey":"mJe8y5tPTe5F2Lz5hrQB4AmLSNrphTXPR/7FAqqt6Ug="},"lastRemoteEphemeralKey":"BUO9KtwSILhzKxARw1/81iDCsllpZhW7azUGxTo3iKQ+","previousCounter":0,"rootKey":"U1CaGPZzh3eXdynrAaIAMjzlut5zpfx7saccieO7gkM="},"indexInfo":{"baseKey":"BQ274a03kygNMYcPFVKgYxstP5JSIyZ1pratAYO2TORj","baseKeyType":1,"closed":-1,"used":1753356484994,"created":1753356484994,"remoteIdentityKey":"BXE+oDbL3cSdHphR2cbyQXhPslfRKLTa8YF18+oO2zde"},"_chains":{"BYI9AeNPL0YDROvlnqEqiIOfGPpFbgVvvLXvF/GqgDlv":{"chainKey":{"counter":0,"key":"V0TPRSY4x1FXHmGOOfyNxOkaDnxE58bBECCae2JSq5M="},"chainType":1,"messageKeys":{}}},"pendingPreKey":{"signedKeyId":15,"baseKey":"BQ274a03kygNMYcPFVKgYxstP5JSIyZ1pratAYO2TORj","preKeyId":4864003}}},"version":"v1"}