{"_sessions":{"BV57LXYZQfyKuj2PZ4CzJvJcK3rAmHDhLyOwQe17ls5D":{"registrationId":93055245,"currentRatchet":{"ephemeralKeyPair":{"pubKey":"Bc3pCXAEulIRB398fe67x8MUPmuaqUDEi4BLYO+YRxgz","privKey":"WItZ9x8ppPqR8QF2L0gk23tOJ4ed9bq0bn5bqo/0x3o="},"lastRemoteEphemeralKey":"BUVCmvCg0UNkzwaW+bV1GcDE3h0KHEwiKDMiB/+xPxgq","previousCounter":0,"rootKey":"wFF+d+PtJDGPACmVBWEsnKDm5zqJ3fD6YD3Mik2rxbU="},"indexInfo":{"baseKey":"BV57LXYZQfyKuj2PZ4CzJvJcK3rAmHDhLyOwQe17ls5D","baseKeyType":1,"closed":-1,"used":1753948835840,"created":1753948390810,"remoteIdentityKey":"BTmvuU/Z7jb3rTHCOgRnSlzKpW1ZL8MdiXobPOI0tstZ"},"_chains":{"BUVCmvCg0UNkzwaW+bV1GcDE3h0KHEwiKDMiB/+xPxgq":{"chainKey":{"counter":0,"key":"IU/7Q2q092WPBgQKoWNNGWOl+BhMNfqxJs8fJHhlks4="},"chainType":2,"messageKeys":{}},"Bc3pCXAEulIRB398fe67x8MUPmuaqUDEi4BLYO+YRxgz":{"chainKey":{"counter":-1,"key":"Ew2vLrwitS8uZgoTXF4xCPyy6g1eQkZyO5ZaZcWbyE0="},"chainType":1,"messageKeys":{}}}}},"version":"v1"}