{"_sessions":{"BShUUaa7SjHEtez8YsWtA/E2mshiSmZsdYm/5nURiTwn":{"registrationId":264768571,"currentRatchet":{"ephemeralKeyPair":{"pubKey":"BeeVNjb6+el7Aihn7/8szj24PsSuZI2dgfEwimk7zHZn","privKey":"MG7iuw0HTBEYkQey9ndldD5hzyBqZjYFPYlmmnpJeno="},"lastRemoteEphemeralKey":"BYzIrVBYB1Rfagw+nyWPLrPdpqU8hQL7s2WzkfelZEsN","previousCounter":0,"rootKey":"eb4aOr2V6psStWYTL+7XRpbXs2Sjn+C5BrN0PZEJN8M="},"indexInfo":{"baseKey":"BShUUaa7SjHEtez8YsWtA/E2mshiSmZsdYm/5nURiTwn","baseKeyType":2,"closed":-1,"used":1753356481918,"created":1753356481918,"remoteIdentityKey":"BcJbJLtn0HlmhGGzKtDJeyOjsvq0eZINck5i1fc71Dgv"},"_chains":{"BYzIrVBYB1Rfagw+nyWPLrPdpqU8hQL7s2WzkfelZEsN":{"chainKey":{"counter":0,"key":"g07XTKxvyFgnGnrHonEm63KVXLsBhP8vxPaN3Z0QP9E="},"chainType":2,"messageKeys":{}},"BeeVNjb6+el7Aihn7/8szj24PsSuZI2dgfEwimk7zHZn":{"chainKey":{"counter":0,"key":"Vk/+z3shwV2esth+AsWikQRhyw6OTuPjesTjfN4FOkg="},"chainType":1,"messageKeys":{}}}}},"version":"v1"}