{"_sessions":{"Bc7WSDU0G2BCupszRG1gANLBMUjUVOj/xy814GZ27qUn":{"registrationId":28859093,"currentRatchet":{"ephemeralKeyPair":{"pubKey":"BRRThCApnx00vYq3jQNQ7CC0H/UmuYbMpVRmCEWKpvY9","privKey":"0P4oOKFdVRhwTAcgp7N+uNCCGoq1ya08rsYnDw3Jg3A="},"lastRemoteEphemeralKey":"BRGdvvWakW/DYuvipZwoE9+/fjGvChCBrWujxZGJlpg1","previousCounter":0,"rootKey":"mfVyYaX5T5nEBoZ4Vc34KbbojVnhEsEU2xQRQGRccl8="},"indexInfo":{"baseKey":"Bc7WSDU0G2BCupszRG1gANLBMUjUVOj/xy814GZ27qUn","baseKeyType":1,"closed":-1,"used":1753358115989,"created":1753358115989,"remoteIdentityKey":"BXFFjTp2wUjRPDRiCrMKKePCp2VUSJbe/sVvhTJSn+lL"},"_chains":{"BRRThCApnx00vYq3jQNQ7CC0H/UmuYbMpVRmCEWKpvY9":{"chainKey":{"counter":1,"key":"Vq0V+A3z4Z3b0BBJWFwh37EsSSNLGqGck7ZbhhX0r2o="},"chainType":1,"messageKeys":{}}},"pendingPreKey":{"signedKeyId":17,"baseKey":"Bc7WSDU0G2BCupszRG1gANLBMUjUVOj/xy814GZ27qUn","preKeyId":5553622}}},"version":"v1"}