{"_sessions":{"Bea1y9//gaBeJMf1H2DrvUJUyJKY0zHwYI8vh91mYv4S":{"registrationId":1742900680,"currentRatchet":{"ephemeralKeyPair":{"pubKey":"BSeDcdqPSSo09XuEocGqEAnBSvOlmx/4GLz1d0HhJlVN","privKey":"ABN4bxDI3scmXbl8wPD0viJcAM2ODZkpC9rM5bLkREU="},"lastRemoteEphemeralKey":"Bbo7uVdUtRI57RKgjsG1toj4nf67BGY2zRjzOzVSUcVC","previousCounter":0,"rootKey":"D0KFSzJ2xQexgEdv3m2mkvyreAyGWiCuPG91lJIEfOI="},"indexInfo":{"baseKey":"Bea1y9//gaBeJMf1H2DrvUJUyJKY0zHwYI8vh91mYv4S","baseKeyType":1,"closed":-1,"used":1753358116420,"created":1753358116420,"remoteIdentityKey":"Baz+s6OgP6/Sc8fNfZXRGSeqyaDHrxZZ/LnDRA1R8jUZ"},"_chains":{"BSeDcdqPSSo09XuEocGqEAnBSvOlmx/4GLz1d0HhJlVN":{"chainKey":{"counter":1,"key":"SpCHANsIUvEnSUQ5w8NfmJLdcIbJmegTnCqUuTsGKvg="},"chainType":1,"messageKeys":{}}},"pendingPreKey":{"signedKeyId":0,"baseKey":"Bea1y9//gaBeJMf1H2DrvUJUyJKY0zHwYI8vh91mYv4S","preKeyId":9654554}}},"version":"v1"}